dataset,model,pooling,probe,feature_dim,n_train,n_test,n_classes,seed,cv_folds,tuning_candidates,selection_metric,cv_score,best_params,MCC,AUROC,F1,Accuracy
EMP/Yeast_H3,kuleshov-group/caduceus-ph_seqlen-131k_d_model-256_n_layer-16,mean,linear,1536,10475,4490,2,42,4,4,roc_auc,0.9494716144153432,"{'clf__C': 0.01, 'clf__penalty': 'l2'}",0.7914191999471344,0.955437363510026,0.8956640179988655,0.8957683741648107
EMP/Yeast_H3K14ac,kuleshov-group/caduceus-ph_seqlen-131k_d_model-256_n_layer-16,mean,linear,1536,23133,9915,2,42,4,4,roc_auc,0.8444291160522124,"{'clf__C': 0.01, 'clf__penalty': 'l2'}",0.5444182103585106,0.8514691406830387,0.7722058644026251,0.7762985375693394
EMP/Yeast_H3K36me3,kuleshov-group/caduceus-ph_seqlen-131k_d_model-256_n_layer-16,mean,linear,1536,24415,10465,2,42,4,4,roc_auc,0.8680190581252327,"{'clf__C': 0.01, 'clf__penalty': 'l2'}",0.5945253535883416,0.8711357545419545,0.7966107433732477,0.7991399904443383
EMP/Yeast_H3K4me1,kuleshov-group/caduceus-ph_seqlen-131k_d_model-256_n_layer-16,mean,linear,1536,22173,9504,2,42,4,4,roc_auc,0.8090017591304041,"{'clf__C': 0.01, 'clf__penalty': 'l2'}",0.5034590582054221,0.8195269109468925,0.7510221835580687,0.7546296296296297
EMP/Yeast_H3K4me2,kuleshov-group/caduceus-ph_seqlen-131k_d_model-256_n_layer-16,mean,linear,1536,21478,9205,2,42,4,4,roc_auc,0.7341764545505366,"{'clf__C': 0.01, 'clf__penalty': 'l2'}",0.3465290322309161,0.7421004088283162,0.6700921640580797,0.690385659967409
EMP/Yeast_H3K4me3,kuleshov-group/caduceus-ph_seqlen-131k_d_model-256_n_layer-16,mean,linear,1536,25759,11040,2,42,4,4,roc_auc,0.7708958007957402,"{'clf__C': 0.01, 'clf__penalty': 'l2'}",0.4012732329930435,0.7774044358948439,0.7004504814615246,0.7024456521739131
EMP/Yeast_H3K79me3,kuleshov-group/caduceus-ph_seqlen-131k_d_model-256_n_layer-16,mean,linear,1536,20185,8652,2,42,4,4,roc_auc,0.8948174394688314,"{'clf__C': 0.01, 'clf__penalty': 'l2'}",0.6562146434302754,0.8987685976574866,0.828052609486047,0.8289412852519649
EMP/Yeast_H3K9ac,kuleshov-group/caduceus-ph_seqlen-131k_d_model-256_n_layer-16,mean,linear,1536,19447,8335,2,42,4,4,roc_auc,0.8412756293759415,"{'clf__C': 0.01, 'clf__penalty': 'l2'}",0.5407620555269818,0.8469509142565748,0.770298905870227,0.7736052789442112
EMP/Yeast_H4,kuleshov-group/caduceus-ph_seqlen-131k_d_model-256_n_layer-16,mean,linear,1536,10220,4381,2,42,4,4,roc_auc,0.9586537041381048,"{'clf__C': 0.01, 'clf__penalty': 'l2'}",0.8260510781472872,0.9614944755999332,0.9129788394632016,0.913946587537092
EMP/Yeast_H4ac,kuleshov-group/caduceus-ph_seqlen-131k_d_model-256_n_layer-16,mean,linear,1536,23866,10229,2,42,4,4,roc_auc,0.8204713813190257,"{'clf__C': 0.01, 'clf__penalty': 'l2'}",0.4971289749040858,0.8288475139198832,0.7484919774588206,0.7505132466516766
deep4mc/A.thaliana_4mC,kuleshov-group/caduceus-ph_seqlen-131k_d_model-256_n_layer-16,mean,linear,1536,156697,67157,2,42,4,4,roc_auc,0.7099827246678652,"{'clf__C': 10.0, 'clf__penalty': 'l2'}",0.3065804276963262,0.7102348721077011,0.6532898517186216,0.6532900516699673
deep4mc/C.elegans_4mC,kuleshov-group/caduceus-ph_seqlen-131k_d_model-256_n_layer-16,mean,linear,1536,84926,36398,2,42,4,4,roc_auc,0.7406093079517277,"{'clf__C': 10.0, 'clf__penalty': 'l2'}",0.3552972640469508,0.7412953188271645,0.6776457547916053,0.6776471234683225
deep4mc/D.melanogaster_4mC,kuleshov-group/caduceus-ph_seqlen-131k_d_model-256_n_layer-16,mean,linear,1536,126466,54200,2,42,4,4,roc_auc,0.7409505936716787,"{'clf__C': 0.01, 'clf__penalty': 'l2'}",0.3590429380452679,0.7412304679947169,0.6795192474581135,0.679520295202952
deep4mc/E.coli_4mC,kuleshov-group/caduceus-ph_seqlen-131k_d_model-256_n_layer-16,mean,linear,1536,8681,3721,2,42,4,4,roc_auc,0.7191036949584427,"{'clf__C': 0.01, 'clf__penalty': 'l2'}",0.1829736737299332,0.7277127045385984,0.5679019997577778,0.8247782854071486
deep4mc/G.pickeringii_4mC,kuleshov-group/caduceus-ph_seqlen-131k_d_model-256_n_layer-16,mean,linear,1536,24053,10309,2,42,4,4,roc_auc,0.7183962886519677,"{'clf__C': 0.01, 'clf__penalty': 'l2'}",0.1889701725156408,0.7255593712942952,0.5562702063963327,0.8330584925792996
deep4mc/G.subterraneus_4mC,kuleshov-group/caduceus-ph_seqlen-131k_d_model-256_n_layer-16,mean,linear,1536,63567,27243,2,42,4,4,roc_auc,0.7010763670112957,"{'clf__C': 0.01, 'clf__penalty': 'l2'}",0.141916188276122,0.7098795672368396,0.5208498084366332,0.8325808464559703
enhancers/enhancer,kuleshov-group/caduceus-ph_seqlen-131k_d_model-256_n_layer-16,mean,linear,1536,14968,400,2,42,4,4,roc_auc,0.968712444378044,"{'clf__C': 0.1, 'clf__penalty': 'l2'}",0.4106282486415249,0.7867750000000001,0.7004612644813764,0.7025
enhancers/enhancer_strength,kuleshov-group/caduceus-ph_seqlen-131k_d_model-256_n_layer-16,mean,linear,1536,14968,400,3,42,4,4,accuracy,0.8499465526456441,"{'clf__C': 0.01, 'clf__penalty': 'l2'}",0.3466501408716289,0.713863888888889,0.5024691358024691,0.575
genomic_benchmark/coding,kuleshov-group/caduceus-ph_seqlen-131k_d_model-256_n_layer-16,mean,linear,1536,75000,25000,2,42,4,4,roc_auc,0.9843662990222222,"{'clf__C': 0.01, 'clf__penalty': 'l2'}",0.8809356405709077,0.9833341888,0.9402672673707126,0.94028
genomic_benchmark/enhancer_cohn,kuleshov-group/caduceus-ph_seqlen-131k_d_model-256_n_layer-16,mean,linear,1536,20843,6948,2,42,4,4,roc_auc,0.83229207327959,"{'clf__C': 0.01, 'clf__penalty': 'l2'}",0.4946491825452693,0.8313597945623862,0.7472351571594877,0.7472654001151411
genomic_benchmark/enhancer_ensembl,kuleshov-group/caduceus-ph_seqlen-131k_d_model-256_n_layer-16,mean,linear,1536,123872,30970,2,42,4,4,roc_auc,0.8567755998458689,"{'clf__C': 1.0, 'clf__penalty': 'l2'}",0.5602388970996878,0.8565528026174257,0.7798361439510184,0.7799160477881821
genomic_benchmark/human_vs_worm,kuleshov-group/caduceus-ph_seqlen-131k_d_model-256_n_layer-16,mean,linear,1536,75000,25000,2,42,4,4,roc_auc,0.9940830520888888,"{'clf__C': 0.1, 'clf__penalty': 'l2'}",0.9291257561377148,0.994698016,0.964559890220716,0.96456
genomic_benchmark/open_chromatin_region,kuleshov-group/caduceus-ph_seqlen-131k_d_model-256_n_layer-16,mean,linear,1536,139804,34952,2,42,4,4,roc_auc,0.7660667775401605,"{'clf__C': 0.1, 'clf__penalty': 'l2'}",0.4018761252433399,0.7692693588973816,0.7003795492303478,0.7006179903868162
genomic_benchmark/promoter_notata_251bps,kuleshov-group/caduceus-ph_seqlen-131k_d_model-256_n_layer-16,mean,linear,1536,27097,9034,2,42,4,4,roc_auc,0.935663265547624,"{'clf__C': 0.01, 'clf__penalty': 'l2'}",0.7441915128415922,0.938416691426007,0.8701595933453137,0.8703785698472437
genomic_benchmark/regulatory_region_type,kuleshov-group/caduceus-ph_seqlen-131k_d_model-256_n_layer-16,mean,linear,1536,150000,57713,3,42,4,4,accuracy,0.68432,"{'clf__C': 10.0, 'clf__penalty': 'l2'}",0.522184935592669,0.8501580704928103,0.6836751893451348,0.6830869994628593
iDHS-EL/DNase_I,kuleshov-group/caduceus-ph_seqlen-131k_d_model-256_n_layer-16,mean,linear,1536,711,306,2,42,4,4,roc_auc,0.8472904059879764,"{'clf__C': 0.01, 'clf__penalty': 'l2'}",0.6718146718146718,0.8702273702273703,0.8359073359073359,0.869281045751634
iDNA_ABF/5mC,kuleshov-group/caduceus-ph_seqlen-131k_d_model-256_n_layer-16,mean,linear,1536,3281,1407,2,42,4,4,roc_auc,0.8119820926890059,"{'clf__C': 0.01, 'clf__penalty': 'l2'}",0.5221555912725809,0.8355707681365576,0.7602270101181623,0.7604832977967306
iDNA_ABF/6mA,kuleshov-group/caduceus-ph_seqlen-131k_d_model-256_n_layer-16,mean,linear,1536,25668,11002,2,42,4,4,roc_auc,0.872917680965085,"{'clf__C': 0.01, 'clf__penalty': 'l2'}",0.5791724864551627,0.8766676951631573,0.789582792463617,0.7895837120523541
iPro-WAEL/Promoter_Arabidopsis_NonTATA,kuleshov-group/caduceus-ph_seqlen-131k_d_model-256_n_layer-16,mean,linear,1536,8267,3543,2,42,4,4,roc_auc,0.9830980364152108,"{'clf__C': 0.01, 'clf__penalty': 'l2'}",0.8833872511509416,0.9867892927565124,0.9415674886220486,0.9415749364944962
iPro-WAEL/Promoter_Arabidopsis_TATA,kuleshov-group/caduceus-ph_seqlen-131k_d_model-256_n_layer-16,mean,linear,1536,3063,1313,2,42,4,4,roc_auc,0.9764653551488838,"{'clf__C': 0.01, 'clf__penalty': 'l2'}",0.8400992329267795,0.9736064711705024,0.9199972035740376,0.9276466108149276
iPro-WAEL/Promoter_B_amyloliquefaciens,kuleshov-group/caduceus-ph_seqlen-131k_d_model-256_n_layer-16,mean,linear,1536,1483,636,2,42,4,4,roc_auc,0.9130694989865024,"{'clf__C': 0.01, 'clf__penalty': 'l2'}",0.6635252933375545,0.9124432621658772,0.8317605903657648,0.8317610062893082
iPro-WAEL/Promoter_GM12878,kuleshov-group/caduceus-ph_seqlen-131k_d_model-256_n_layer-16,mean,linear,256,10992,2750,2,42,4,4,roc_auc,0.9840867461634132,"{'clf__C': 0.1, 'clf__penalty': 'l2'}",0.8931194893718608,0.9851699834710744,0.9465445992590428,0.9465454545454546
iPro-WAEL/Promoter_HUVEC,kuleshov-group/caduceus-ph_seqlen-131k_d_model-256_n_layer-16,mean,linear,256,11928,2982,2,42,4,4,roc_auc,0.9896837991958009,"{'clf__C': 0.1, 'clf__penalty': 'l2'}",0.9142181993121092,0.9913556905933704,0.9570742240215924,0.9570757880617036
iPro-WAEL/Promoter_Hela-S3,kuleshov-group/caduceus-ph_seqlen-131k_d_model-256_n_layer-16,mean,linear,256,11736,2936,2,42,4,4,roc_auc,0.986016493741662,"{'clf__C': 0.1, 'clf__penalty': 'l2'}",0.9028451986113218,0.9879207841768816,0.9512873553856416,0.9512942779291552
iPro-WAEL/Promoter_NHEK,kuleshov-group/caduceus-ph_seqlen-131k_d_model-256_n_layer-16,mean,linear,256,8170,2044,2,42,4,4,roc_auc,0.9597854741439128,"{'clf__C': 1.0, 'clf__penalty': 'l2'}",0.8016496684559985,0.9599390703926532,0.9006675991876869,0.9006849315068494
iPro-WAEL/Promoter_R_capsulatus,kuleshov-group/caduceus-ph_seqlen-131k_d_model-256_n_layer-16,mean,linear,256,7406,3175,2,42,4,4,roc_auc,0.723921494489154,"{'clf__C': 0.1, 'clf__penalty': 'l2'}",0.324518971031358,0.7240645586872982,0.6620460371908824,0.6620472440944882
mouse/mouse_TFBS_1,kuleshov-group/caduceus-ph_seqlen-131k_d_model-256_n_layer-16,mean,linear,256,5668,2430,2,42,4,4,roc_auc,0.7554490091080778,"{'clf__C': 10.0, 'clf__penalty': 'l2'}",0.4065878049545832,0.7695662924012261,0.7032909248713985,0.7032921810699588
mouse/mouse_TFBS_2,kuleshov-group/caduceus-ph_seqlen-131k_d_model-256_n_layer-16,mean,linear,256,47209,20233,2,42,4,4,roc_auc,0.9512545123116048,"{'clf__C': 1.0, 'clf__penalty': 'l2'}",0.7561237674632177,0.9515131736852022,0.8775547229740484,0.8776256610487817
mouse/mouse_TFBS_3,kuleshov-group/caduceus-ph_seqlen-131k_d_model-256_n_layer-16,mean,linear,256,2293,983,2,42,4,4,roc_auc,0.919721775632373,"{'clf__C': 1.0, 'clf__penalty': 'l2'}",0.7009160867879454,0.9452751146656068,0.8504571632592868,0.8504577822990844
mouse/mouse_TFBS_4,kuleshov-group/caduceus-ph_seqlen-131k_d_model-256_n_layer-16,mean,linear,256,1667,715,2,42,4,4,roc_auc,0.7805209719430368,"{'clf__C': 1.0, 'clf__penalty': 'l2'}",0.4503720198631046,0.8028105096787319,0.7239896144613727,0.7244755244755244
mouse/mouse_TFBS_5,kuleshov-group/caduceus-ph_seqlen-131k_d_model-256_n_layer-16,mean,linear,256,13180,5650,2,42,4,4,roc_auc,0.7902307298943061,"{'clf__C': 1.0, 'clf__penalty': 'l2'}",0.4181239378439908,0.7850997885503954,0.7090018996362006,0.7090265486725664
prom/promoter_all_300bps,kuleshov-group/caduceus-ph_seqlen-131k_d_model-256_n_layer-16,mean,linear,256,41437,17759,2,42,4,4,roc_auc,0.9618776499037603,"{'clf__C': 10.0, 'clf__penalty': 'l2'}",0.8053968921219701,0.9609535392752816,0.9026970607335968,0.9026972239427896
prom/promoter_all_70bps,kuleshov-group/caduceus-ph_seqlen-131k_d_model-256_n_layer-16,mean,linear,256,41437,17759,2,42,4,4,roc_auc,0.8813104997024372,"{'clf__C': 1.0, 'clf__penalty': 'l2'}",0.5935064065611104,0.8806259823005796,0.7966363944044663,0.7966664789684104
prom/promoter_notata_300bps,kuleshov-group/caduceus-ph_seqlen-131k_d_model-256_n_layer-16,mean,linear,256,37146,15920,2,42,4,4,roc_auc,0.9901082633869092,"{'clf__C': 10.0, 'clf__penalty': 'l2'}",0.9171931604062836,0.9919070541147952,0.9585402787867946,0.9585427135678392
prom/promoter_notata_70bps,kuleshov-group/caduceus-ph_seqlen-131k_d_model-256_n_layer-16,mean,linear,256,37146,15920,2,42,4,4,roc_auc,0.907356792584963,"{'clf__C': 1.0, 'clf__penalty': 'l2'}",0.6481508139972136,0.905608097017752,0.824053006478536,0.8240577889447236
prom/promoter_tata_300bps,kuleshov-group/caduceus-ph_seqlen-131k_d_model-256_n_layer-16,mean,linear,256,4290,1840,2,42,4,4,roc_auc,0.8432810906447604,"{'clf__C': 1.0, 'clf__penalty': 'l2'}",0.5609027008074842,0.8545362712665406,0.7804282971496086,0.7804347826086957
prom/promoter_tata_70bps,kuleshov-group/caduceus-ph_seqlen-131k_d_model-256_n_layer-16,mean,linear,256,4290,1840,2,42,4,4,roc_auc,0.8341479288304268,"{'clf__C': 1.0, 'clf__penalty': 'l2'}",0.5286219847650584,0.8431988421550095,0.7640498705252621,0.7641304347826087
splice/acceptors,kuleshov-group/caduceus-ph_seqlen-131k_d_model-256_n_layer-16,mean,linear,256,15525,6654,2,42,4,4,roc_auc,0.8380292342856883,"{'clf__C': 10.0, 'clf__penalty': 'l2'}",0.4892936414971186,0.8269478325292279,0.7440058135806955,0.7443642921550947
splice/donors,kuleshov-group/caduceus-ph_seqlen-131k_d_model-256_n_layer-16,mean,linear,256,15381,6592,2,42,4,4,roc_auc,0.8255361790381881,"{'clf__C': 10.0, 'clf__penalty': 'l2'}",0.4995717216159657,0.8328232814168417,0.7487732405941534,0.7490898058252428
splice/splice_site_type_DNABERT,kuleshov-group/caduceus-ph_seqlen-131k_d_model-256_n_layer-16,mean,linear,256,31933,13687,3,42,4,4,accuracy,0.6265932764313544,"{'clf__C': 10.0, 'clf__penalty': 'l2'}",0.3201466196753186,0.7725210407763621,0.530896817723067,0.6270914005991086
splice/splice_site_type_NT,kuleshov-group/caduceus-ph_seqlen-131k_d_model-256_n_layer-16,mean,linear,256,20999,9001,3,42,4,4,accuracy,0.5793612751635232,"{'clf__C': 10.0, 'clf__penalty': 'l2'}",0.3960481218098267,0.7717188662830944,0.5960194961491608,0.5962670814353961
tf/Human_TFBS_1,kuleshov-group/caduceus-ph_seqlen-131k_d_model-256_n_layer-16,mean,linear,256,24064,10314,2,42,4,4,roc_auc,0.8733897107712766,"{'clf__C': 0.1, 'clf__penalty': 'l2'}",0.6035726609671166,0.8804815961286047,0.8011904180103723,0.8013379872018616
tf/Human_TFBS_2,kuleshov-group/caduceus-ph_seqlen-131k_d_model-256_n_layer-16,mean,linear,256,22870,9802,2,42,4,4,roc_auc,0.8630331007177864,"{'clf__C': 0.1, 'clf__penalty': 'l2'}",0.5599437654331829,0.8655735324368425,0.7792204068751629,0.7794327688226892
tf/Human_TFBS_3,kuleshov-group/caduceus-ph_seqlen-131k_d_model-256_n_layer-16,mean,linear,256,14699,6301,2,42,4,4,roc_auc,0.8206616019532522,"{'clf__C': 0.1, 'clf__penalty': 'l2'}",0.4827781116741501,0.8184282137693752,0.741027977910347,0.7411521980637994
tf/Human_TFBS_4,kuleshov-group/caduceus-ph_seqlen-131k_d_model-256_n_layer-16,mean,linear,256,20505,8789,2,42,4,4,roc_auc,0.7629413913174861,"{'clf__C': 0.1, 'clf__penalty': 'l2'}",0.3833578886887182,0.7689601033159811,0.6898010133493495,0.6906360223006031
tf/Human_TFBS_5,kuleshov-group/caduceus-ph_seqlen-131k_d_model-256_n_layer-16,mean,linear,256,14699,6301,2,42,4,4,roc_auc,0.8671283396193645,"{'clf__C': 0.1, 'clf__penalty': 'l2'}",0.5625491047950465,0.8639237732541444,0.7808774196930048,0.7809871448976353
virus/covid_variants,kuleshov-group/caduceus-ph_seqlen-131k_d_model-256_n_layer-16,mean,linear,256,64168,27501,9,42,4,4,accuracy,0.3254425882059593,"{'clf__C': 10.0, 'clf__penalty': 'l2'}",0.2413665302891995,0.7099007364507572,0.327326181500403,0.328315333987855
EMP/Yeast_H3,kuleshov-group/caduceus-ph_seqlen-131k_d_model-256_n_layer-16,max,linear,256,10475,4490,2,42,4,4,roc_auc,0.8880061137775852,"{'clf__C': 0.01, 'clf__penalty': 'l2'}",0.6380753393825955,0.8940532062735755,0.819037018918451,0.8191536748329621
EMP/Yeast_H3K14ac,kuleshov-group/caduceus-ph_seqlen-131k_d_model-256_n_layer-16,max,linear,256,23133,9915,2,42,4,4,roc_auc,0.7105231002261972,"{'clf__C': 0.01, 'clf__penalty': 'l2'}",0.3093728639657513,0.7124783018354806,0.6536529636596018,0.6642460917801312
EMP/Yeast_H3K36me3,kuleshov-group/caduceus-ph_seqlen-131k_d_model-256_n_layer-16,max,linear,256,24415,10465,2,42,4,4,roc_auc,0.7457988760584104,"{'clf__C': 0.01, 'clf__penalty': 'l2'}",0.3656158537844791,0.7417293124128245,0.6821359314616409,0.6862876254180602
EMP/Yeast_H3K4me1,kuleshov-group/caduceus-ph_seqlen-131k_d_model-256_n_layer-16,max,linear,256,22173,9504,2,42,4,4,roc_auc,0.6989996578865459,"{'clf__C': 0.01, 'clf__penalty': 'l2'}",0.2906004273313209,0.6927862893288425,0.6427536009427158,0.6509890572390572
EMP/Yeast_H3K4me2,kuleshov-group/caduceus-ph_seqlen-131k_d_model-256_n_layer-16,max,linear,256,21478,9205,2,42,4,4,roc_auc,0.660120355423643,"{'clf__C': 0.01, 'clf__penalty': 'l2'}",0.2252863343640788,0.6657191933452122,0.6003079250198922,0.6398696360673547
EMP/Yeast_H3K4me3,kuleshov-group/caduceus-ph_seqlen-131k_d_model-256_n_layer-16,max,linear,256,25759,11040,2,42,4,4,roc_auc,0.6350850728978137,"{'clf__C': 0.01, 'clf__penalty': 'l2'}",0.2096032471429421,0.6394218024283984,0.6034941326030798,0.6084239130434783
EMP/Yeast_H3K79me3,kuleshov-group/caduceus-ph_seqlen-131k_d_model-256_n_layer-16,max,linear,256,20185,8652,2,42,4,4,roc_auc,0.8129622383308193,"{'clf__C': 0.01, 'clf__penalty': 'l2'}",0.5053351109766059,0.8162329314683363,0.7520248632655815,0.7541608876560333
EMP/Yeast_H3K9ac,kuleshov-group/caduceus-ph_seqlen-131k_d_model-256_n_layer-16,max,linear,256,19447,8335,2,42,4,4,roc_auc,0.7611829365787364,"{'clf__C': 0.01, 'clf__penalty': 'l2'}",0.4014586855101144,0.7635117942740584,0.7006788122974512,0.7048590281943611
EMP/Yeast_H4,kuleshov-group/caduceus-ph_seqlen-131k_d_model-256_n_layer-16,max,linear,256,10220,4381,2,42,4,4,roc_auc,0.90841459736604,"{'clf__C': 0.01, 'clf__penalty': 'l2'}",0.7137477752213185,0.915831209863034,0.856873476188629,0.8587080575211139
EMP/Yeast_H4ac,kuleshov-group/caduceus-ph_seqlen-131k_d_model-256_n_layer-16,max,linear,256,23866,10229,2,42,4,4,roc_auc,0.6904172064041734,"{'clf__C': 0.01, 'clf__penalty': 'l2'}",0.279571655538589,0.6914088124621074,0.6389780277825108,0.6437579431029427
deep4mc/A.thaliana_4mC,kuleshov-group/caduceus-ph_seqlen-131k_d_model-256_n_layer-16,max,linear,256,156697,67157,2,42,4,4,roc_auc,0.6260673296204764,"{'clf__C': 0.01, 'clf__penalty': 'l2'}",0.1917465321606967,0.6295104404500946,0.5956397881514544,0.5957979063984394
deep4mc/C.elegans_4mC,kuleshov-group/caduceus-ph_seqlen-131k_d_model-256_n_layer-16,max,linear,256,84926,36398,2,42,4,4,roc_auc,0.6159035111762619,"{'clf__C': 0.01, 'clf__penalty': 'l2'}",0.1559988719044053,0.6083315772886178,0.577997046831496,0.5779987911423704
deep4mc/D.melanogaster_4mC,kuleshov-group/caduceus-ph_seqlen-131k_d_model-256_n_layer-16,max,linear,256,126466,54200,2,42,4,4,roc_auc,0.6375662301277449,"{'clf__C': 0.01, 'clf__penalty': 'l2'}",0.2011820289911715,0.6374969363162266,0.6004790315755814,0.6005535055350554
deep4mc/E.coli_4mC,kuleshov-group/caduceus-ph_seqlen-131k_d_model-256_n_layer-16,max,linear,256,8681,3721,2,42,4,4,roc_auc,0.6451849081452581,"{'clf__C': 0.01, 'clf__penalty': 'l2'}",0.0834422051543305,0.6391346183853284,0.4802049720109279,0.83310937919914
deep4mc/G.pickeringii_4mC,kuleshov-group/caduceus-ph_seqlen-131k_d_model-256_n_layer-16,max,linear,256,24053,10309,2,42,4,4,roc_auc,0.6509777317172902,"{'clf__C': 0.01, 'clf__penalty': 'l2'}",0.0841113002934674,0.6475362919393811,0.4772966833343627,0.8337375109127947
deep4mc/G.subterraneus_4mC,kuleshov-group/caduceus-ph_seqlen-131k_d_model-256_n_layer-16,max,linear,256,63567,27243,2,42,4,4,roc_auc,0.6162370716942795,"{'clf__C': 0.01, 'clf__penalty': 'l2'}",0.0176188281451667,0.6289187751196693,0.456052758321703,0.8332782733179165
enhancers/enhancer,kuleshov-group/caduceus-ph_seqlen-131k_d_model-256_n_layer-16,max,linear,256,14968,400,2,42,4,4,roc_auc,0.9211855057402344,"{'clf__C': 0.01, 'clf__penalty': 'l2'}",0.4474735344333805,0.7862750000000001,0.7217330266547171,0.7225
enhancers/enhancer_strength,kuleshov-group/caduceus-ph_seqlen-131k_d_model-256_n_layer-16,max,linear,256,14968,400,3,42,4,4,accuracy,0.7594200962052378,"{'clf__C': 0.01, 'clf__penalty': 'l2'}",0.2542518340353092,0.705375,0.4643245099087639,0.5275
genomic_benchmark/coding,kuleshov-group/caduceus-ph_seqlen-131k_d_model-256_n_layer-16,max,linear,256,75000,25000,2,42,4,4,roc_auc,0.968077787022222,"{'clf__C': 0.1, 'clf__penalty': 'l2'}",0.815757230413923,0.969130592,0.9078356374551976,0.90784
genomic_benchmark/enhancer_cohn,kuleshov-group/caduceus-ph_seqlen-131k_d_model-256_n_layer-16,max,linear,256,20843,6948,2,42,4,4,roc_auc,0.8079825572663594,"{'clf__C': 0.01, 'clf__penalty': 'l2'}",0.4583051191943464,0.8098857737170175,0.7291177567305541,0.7291306850892343
genomic_benchmark/enhancer_ensembl,kuleshov-group/caduceus-ph_seqlen-131k_d_model-256_n_layer-16,max,linear,256,123872,30970,2,42,4,4,roc_auc,0.7912991182730036,"{'clf__C': 0.01, 'clf__penalty': 'l2'}",0.4470050701952039,0.7896238248207328,0.7234568817956348,0.7234743299967711
genomic_benchmark/human_vs_worm,kuleshov-group/caduceus-ph_seqlen-131k_d_model-256_n_layer-16,max,linear,256,75000,25000,2,42,4,4,roc_auc,0.987725240888889,"{'clf__C': 0.1, 'clf__penalty': 'l2'}",0.8924956492431426,0.9887030272,0.946197117112408,0.9462
genomic_benchmark/open_chromatin_region,kuleshov-group/caduceus-ph_seqlen-131k_d_model-256_n_layer-16,max,linear,256,139804,34952,2,42,4,4,roc_auc,0.6804767854938438,"{'clf__C': 0.01, 'clf__penalty': 'l2'}",0.2657097404750814,0.6813177648438736,0.6321360621601856,0.6325532158388647
genomic_benchmark/promoter_notata_251bps,kuleshov-group/caduceus-ph_seqlen-131k_d_model-256_n_layer-16,max,linear,256,27097,9034,2,42,4,4,roc_auc,0.9012266525045426,"{'clf__C': 0.01, 'clf__penalty': 'l2'}",0.6701734489954877,0.906601593439528,0.8330458402494637,0.8332964356874032
genomic_benchmark/regulatory_region_type,kuleshov-group/caduceus-ph_seqlen-131k_d_model-256_n_layer-16,max,linear,256,150000,57713,3,42,4,4,accuracy,0.5867333333333333,"{'clf__C': 10.0, 'clf__penalty': 'l2'}",0.3541808770956341,0.7702882667161962,0.5590108028866599,0.5710845043577704
iDHS-EL/DNase_I,kuleshov-group/caduceus-ph_seqlen-131k_d_model-256_n_layer-16,max,linear,256,711,306,2,42,4,4,roc_auc,0.8292555939526973,"{'clf__C': 0.01, 'clf__penalty': 'l2'}",0.6051816092349438,0.8686186186186187,0.8019308369255347,0.8464052287581699
iDNA_ABF/5mC,kuleshov-group/caduceus-ph_seqlen-131k_d_model-256_n_layer-16,max,linear,256,3281,1407,2,42,4,4,roc_auc,0.7839635376636835,"{'clf__C': 0.01, 'clf__penalty': 'l2'}",0.5114456461397587,0.8111745118324065,0.7512265013718118,0.7526652452025586
iDNA_ABF/6mA,kuleshov-group/caduceus-ph_seqlen-131k_d_model-256_n_layer-16,max,linear,256,25668,11002,2,42,4,4,roc_auc,0.7960079569889549,"{'clf__C': 0.01, 'clf__penalty': 'l2'}",0.4393788408291029,0.794663798464565,0.7196859956742137,0.7196873295764407
iPro-WAEL/Promoter_Arabidopsis_NonTATA,kuleshov-group/caduceus-ph_seqlen-131k_d_model-256_n_layer-16,max,linear,256,8267,3543,2,42,4,4,roc_auc,0.940114682116623,"{'clf__C': 0.01, 'clf__penalty': 'l2'}",0.7380767713524367,0.9387170146567536,0.8690372779862126,0.869037538808919
iPro-WAEL/Promoter_Arabidopsis_TATA,kuleshov-group/caduceus-ph_seqlen-131k_d_model-256_n_layer-16,max,linear,256,3063,1313,2,42,4,4,roc_auc,0.9314228150423765,"{'clf__C': 0.01, 'clf__penalty': 'l2'}",0.7071384322428661,0.935752289037367,0.8531190202831994,0.8697638994668697
iPro-WAEL/Promoter_B_amyloliquefaciens,kuleshov-group/caduceus-ph_seqlen-131k_d_model-256_n_layer-16,max,linear,256,1483,636,2,42,4,4,roc_auc,0.8826874673009482,"{'clf__C': 0.01, 'clf__penalty': 'l2'}",0.5943500271008583,0.8775253898717404,0.7971572745635658,0.7971698113207547
iPro-WAEL/Promoter_GM12878,kuleshov-group/caduceus-ph_seqlen-131k_d_model-256_n_layer-16,max,linear,256,10992,2750,2,42,4,4,roc_auc,0.9760929743267036,"{'clf__C': 0.01, 'clf__penalty': 'l2'}",0.8698202521366176,0.9786250578512397,0.9349090134454374,0.9349090909090908
iPro-WAEL/Promoter_HUVEC,kuleshov-group/caduceus-ph_seqlen-131k_d_model-256_n_layer-16,max,linear,256,11928,2982,2,42,4,4,roc_auc,0.9859984858851296,"{'clf__C': 0.01, 'clf__penalty': 'l2'}",0.9041988010387896,0.9865983290757286,0.9520427540221068,0.9520456069751844
iPro-WAEL/Promoter_Hela-S3,kuleshov-group/caduceus-ph_seqlen-131k_d_model-256_n_layer-16,max,linear,256,11736,2936,2,42,4,4,roc_auc,0.9801104879956172,"{'clf__C': 0.01, 'clf__penalty': 'l2'}",0.8851898195483109,0.982405300358604,0.9424285337193212,0.9424386920980926
iPro-WAEL/Promoter_NHEK,kuleshov-group/caduceus-ph_seqlen-131k_d_model-256_n_layer-16,max,linear,256,8170,2044,2,42,4,4,roc_auc,0.9482496497274628,"{'clf__C': 0.01, 'clf__penalty': 'l2'}",0.768826999454434,0.9503831557017628,0.8834326309655257,0.8835616438356164
iPro-WAEL/Promoter_R_capsulatus,kuleshov-group/caduceus-ph_seqlen-131k_d_model-256_n_layer-16,max,linear,256,7406,3175,2,42,4,4,roc_auc,0.7047581481354047,"{'clf__C': 0.01, 'clf__penalty': 'l2'}",0.3177548194460829,0.7098351819761493,0.6588585172492718,0.6588976377952755
mouse/mouse_TFBS_1,kuleshov-group/caduceus-ph_seqlen-131k_d_model-256_n_layer-16,max,linear,256,5668,2430,2,42,4,4,roc_auc,0.706978178065709,"{'clf__C': 0.01, 'clf__penalty': 'l2'}",0.3252020276203808,0.7192006638554421,0.6625,0.6625514403292181
mouse/mouse_TFBS_2,kuleshov-group/caduceus-ph_seqlen-131k_d_model-256_n_layer-16,max,linear,256,47209,20233,2,42,4,4,roc_auc,0.934068406012838,"{'clf__C': 0.1, 'clf__penalty': 'l2'}",0.7177490775785765,0.9356500083854804,0.8577722098169801,0.857954826273909
mouse/mouse_TFBS_3,kuleshov-group/caduceus-ph_seqlen-131k_d_model-256_n_layer-16,max,linear,256,2293,983,2,42,4,4,roc_auc,0.9035585813014214,"{'clf__C': 0.01, 'clf__penalty': 'l2'}",0.6442357868679868,0.9241716755253092,0.8219263731156181,0.8219735503560529
mouse/mouse_TFBS_4,kuleshov-group/caduceus-ph_seqlen-131k_d_model-256_n_layer-16,max,linear,256,1667,715,2,42,4,4,roc_auc,0.7442161322672772,"{'clf__C': 0.01, 'clf__penalty': 'l2'}",0.3455193061934746,0.7568267530475877,0.6726754104518492,0.6727272727272727
mouse/mouse_TFBS_5,kuleshov-group/caduceus-ph_seqlen-131k_d_model-256_n_layer-16,max,linear,256,13180,5650,2,42,4,4,roc_auc,0.7330295115862321,"{'clf__C': 0.01, 'clf__penalty': 'l2'}",0.3436281919232398,0.7369987939541076,0.671554647186404,0.6716814159292035
prom/promoter_all_300bps,kuleshov-group/caduceus-ph_seqlen-131k_d_model-256_n_layer-16,max,linear,256,41437,17759,2,42,4,4,roc_auc,0.938127300603576,"{'clf__C': 0.01, 'clf__penalty': 'l2'}",0.7454227161204826,0.9379907380913968,0.8726135351617821,0.872627963286221
prom/promoter_all_70bps,kuleshov-group/caduceus-ph_seqlen-131k_d_model-256_n_layer-16,max,linear,256,41437,17759,2,42,4,4,roc_auc,0.8689154397128138,"{'clf__C': 0.01, 'clf__penalty': 'l2'}",0.571075962146715,0.8668174615374469,0.785276360756859,0.7853482741145335
prom/promoter_notata_300bps,kuleshov-group/caduceus-ph_seqlen-131k_d_model-256_n_layer-16,max,linear,256,37146,15920,2,42,4,4,roc_auc,0.9742095916480252,"{'clf__C': 0.01, 'clf__penalty': 'l2'}",0.8435032483785195,0.9745941390368932,0.9215260289170368,0.9215452261306532
prom/promoter_notata_70bps,kuleshov-group/caduceus-ph_seqlen-131k_d_model-256_n_layer-16,max,linear,256,37146,15920,2,42,4,4,roc_auc,0.8958073524330108,"{'clf__C': 0.01, 'clf__penalty': 'l2'}",0.6293689686565126,0.8955487392995126,0.8144586403990036,0.8145100502512563
prom/promoter_tata_300bps,kuleshov-group/caduceus-ph_seqlen-131k_d_model-256_n_layer-16,max,linear,256,4290,1840,2,42,4,4,roc_auc,0.7846436710865854,"{'clf__C': 0.01, 'clf__penalty': 'l2'}",0.4492021139837426,0.7977687854442345,0.7243678628906804,0.7244565217391304
prom/promoter_tata_70bps,kuleshov-group/caduceus-ph_seqlen-131k_d_model-256_n_layer-16,max,linear,256,4290,1840,2,42,4,4,roc_auc,0.8131754359495258,"{'clf__C': 0.01, 'clf__penalty': 'l2'}",0.4681396871082455,0.8156504017013232,0.7334827910760484,0.7336956521739131
splice/acceptors,kuleshov-group/caduceus-ph_seqlen-131k_d_model-256_n_layer-16,max,linear,256,15525,6654,2,42,4,4,roc_auc,0.7558050384884449,"{'clf__C': 0.01, 'clf__penalty': 'l2'}",0.3587751919725784,0.7413523427476916,0.6778382836134109,0.6788397956116622
splice/donors,kuleshov-group/caduceus-ph_seqlen-131k_d_model-256_n_layer-16,max,linear,256,15381,6592,2,42,4,4,roc_auc,0.7426948576242645,"{'clf__C': 0.01, 'clf__penalty': 'l2'}",0.3800210962394885,0.7583335174343679,0.6880007652180253,0.6888652912621359
splice/splice_site_type_DNABERT,kuleshov-group/caduceus-ph_seqlen-131k_d_model-256_n_layer-16,max,linear,256,31933,13687,3,42,4,4,accuracy,0.5798391181398247,"{'clf__C': 0.01, 'clf__penalty': 'l2'}",0.1925169221716713,0.7099369433785307,0.4196084998531921,0.5777745305764594
splice/splice_site_type_NT,kuleshov-group/caduceus-ph_seqlen-131k_d_model-256_n_layer-16,max,linear,256,20999,9001,3,42,4,4,accuracy,0.4979760589318601,"{'clf__C': 0.01, 'clf__penalty': 'l2'}",0.2574125180840044,0.6917827200039209,0.5057771560646086,0.5043884012887457
tf/Human_TFBS_1,kuleshov-group/caduceus-ph_seqlen-131k_d_model-256_n_layer-16,max,linear,256,24064,10314,2,42,4,4,roc_auc,0.8484274094436113,"{'clf__C': 0.01, 'clf__penalty': 'l2'}",0.5474431571087335,0.8545637131740298,0.7731506346422917,0.7733178204382393
tf/Human_TFBS_2,kuleshov-group/caduceus-ph_seqlen-131k_d_model-256_n_layer-16,max,linear,256,22870,9802,2,42,4,4,roc_auc,0.8393469576759282,"{'clf__C': 0.01, 'clf__penalty': 'l2'}",0.52042390284107,0.8441213563759333,0.7590785637806412,0.759436849622526
tf/Human_TFBS_3,kuleshov-group/caduceus-ph_seqlen-131k_d_model-256_n_layer-16,max,linear,256,14699,6301,2,42,4,4,roc_auc,0.7876181452895014,"{'clf__C': 0.01, 'clf__penalty': 'l2'}",0.4464574116908359,0.7969790391561258,0.7227016457108981,0.722901126805269
tf/Human_TFBS_4,kuleshov-group/caduceus-ph_seqlen-131k_d_model-256_n_layer-16,max,linear,256,20505,8789,2,42,4,4,roc_auc,0.722780346703212,"{'clf__C': 0.01, 'clf__penalty': 'l2'}",0.3316221935507519,0.7310450749108179,0.66242947159238,0.6641256115599045
tf/Human_TFBS_5,kuleshov-group/caduceus-ph_seqlen-131k_d_model-256_n_layer-16,max,linear,256,14699,6301,2,42,4,4,roc_auc,0.8437337628379926,"{'clf__C': 0.01, 'clf__penalty': 'l2'}",0.5305461701719032,0.8430076619667226,0.7643636282025306,0.7646405332486906
virus/covid_variants,kuleshov-group/caduceus-ph_seqlen-131k_d_model-256_n_layer-16,max,linear,256,64168,27501,9,42,4,4,accuracy,0.3129597307068943,"{'clf__C': 1.0, 'clf__penalty': 'l2'}",0.2334239697436064,0.708786015098191,0.3236255039180113,0.3207519726555398
EMP/Yeast_H3,kuleshov-group/caduceus-ph_seqlen-131k_d_model-256_n_layer-16,mean_max,linear,512,10475,4490,2,42,4,4,roc_auc,0.9243120067438996,"{'clf__C': 1.0, 'clf__penalty': 'l2'}",0.7075849178202793,0.9315965852690092,0.8537787168961278,0.8538975501113586
EMP/Yeast_H3K14ac,kuleshov-group/caduceus-ph_seqlen-131k_d_model-256_n_layer-16,mean_max,linear,512,23133,9915,2,42,4,4,roc_auc,0.7442039894962839,"{'clf__C': 0.1, 'clf__penalty': 'l2'}",0.3597335599045181,0.7473541007789781,0.6795187928768335,0.6875441250630357
EMP/Yeast_H3K36me3,kuleshov-group/caduceus-ph_seqlen-131k_d_model-256_n_layer-16,mean_max,linear,512,24415,10465,2,42,4,4,roc_auc,0.7805998197301429,"{'clf__C': 0.1, 'clf__penalty': 'l2'}",0.4204205520627836,0.7769400614857351,0.7096423898415671,0.7132345914954611
EMP/Yeast_H3K4me1,kuleshov-group/caduceus-ph_seqlen-131k_d_model-256_n_layer-16,mean_max,linear,512,22173,9504,2,42,4,4,roc_auc,0.7198553059365065,"{'clf__C': 0.1, 'clf__penalty': 'l2'}",0.3300298669624598,0.7211877497955204,0.662530913718156,0.6701388888888888
EMP/Yeast_H3K4me2,kuleshov-group/caduceus-ph_seqlen-131k_d_model-256_n_layer-16,mean_max,linear,512,21478,9205,2,42,4,4,roc_auc,0.683248045091319,"{'clf__C': 0.1, 'clf__penalty': 'l2'}",0.2714534620074482,0.6906803611503999,0.6270553073532801,0.6588810429114612
EMP/Yeast_H3K4me3,kuleshov-group/caduceus-ph_seqlen-131k_d_model-256_n_layer-16,mean_max,linear,512,25759,11040,2,42,4,4,roc_auc,0.6725448894041637,"{'clf__C': 1.0, 'clf__penalty': 'l2'}",0.2455745455883645,0.6733069152522642,0.621740733508229,0.6259963768115943
EMP/Yeast_H3K79me3,kuleshov-group/caduceus-ph_seqlen-131k_d_model-256_n_layer-16,mean_max,linear,512,20185,8652,2,42,4,4,roc_auc,0.8487238771826177,"{'clf__C': 0.1, 'clf__penalty': 'l2'}",0.558993432415625,0.8525817009244504,0.7790619281180782,0.7807443365695793
EMP/Yeast_H3K9ac,kuleshov-group/caduceus-ph_seqlen-131k_d_model-256_n_layer-16,mean_max,linear,512,19447,8335,2,42,4,4,roc_auc,0.7949525264969298,"{'clf__C': 0.1, 'clf__penalty': 'l2'}",0.4501754553088035,0.7937504188824943,0.7250601008539319,0.7280143971205759
EMP/Yeast_H4,kuleshov-group/caduceus-ph_seqlen-131k_d_model-256_n_layer-16,mean_max,linear,512,10220,4381,2,42,4,4,roc_auc,0.9298473266336272,"{'clf__C': 0.1, 'clf__penalty': 'l2'}",0.7451630986970457,0.936412618563943,0.8723548760738797,0.8735448527733394
EMP/Yeast_H4ac,kuleshov-group/caduceus-ph_seqlen-131k_d_model-256_n_layer-16,mean_max,linear,512,23866,10229,2,42,4,4,roc_auc,0.7371888853790316,"{'clf__C': 0.1, 'clf__penalty': 'l2'}",0.3456109899022027,0.7381619144113105,0.6720916878287557,0.6762146837423013
deep4mc/A.thaliana_4mC,kuleshov-group/caduceus-ph_seqlen-131k_d_model-256_n_layer-16,mean_max,linear,512,156697,67157,2,42,4,4,roc_auc,0.665126622267677,"{'clf__C': 1.0, 'clf__penalty': 'l2'}",0.248486242862795,0.666942751523393,0.6242321920801015,0.6242387241836294
deep4mc/C.elegans_4mC,kuleshov-group/caduceus-ph_seqlen-131k_d_model-256_n_layer-16,mean_max,linear,512,84926,36398,2,42,4,4,roc_auc,0.6661913297781432,"{'clf__C': 10.0, 'clf__penalty': 'l2'}",0.2290516609781171,0.659386937039975,0.614488150447389,0.614511786361888
deep4mc/D.melanogaster_4mC,kuleshov-group/caduceus-ph_seqlen-131k_d_model-256_n_layer-16,mean_max,linear,512,126466,54200,2,42,4,4,roc_auc,0.6873049992199733,"{'clf__C': 10.0, 'clf__penalty': 'l2'}",0.2737221337935202,0.6868463855339659,0.6368237265173062,0.6368450184501845
deep4mc/E.coli_4mC,kuleshov-group/caduceus-ph_seqlen-131k_d_model-256_n_layer-16,mean_max,linear,512,8681,3721,2,42,4,4,roc_auc,0.6859080158553701,"{'clf__C': 1.0, 'clf__penalty': 'l2'}",0.1569833874266956,0.6795123321301142,0.5487822259765922,0.8253157753292126
deep4mc/G.pickeringii_4mC,kuleshov-group/caduceus-ph_seqlen-131k_d_model-256_n_layer-16,mean_max,linear,512,24053,10309,2,42,4,4,roc_auc,0.6984074198320939,"{'clf__C': 1.0, 'clf__penalty': 'l2'}",0.1365121791212687,0.688542399394878,0.5222731120285732,0.8308274323406732
deep4mc/G.subterraneus_4mC,kuleshov-group/caduceus-ph_seqlen-131k_d_model-256_n_layer-16,mean_max,linear,512,63567,27243,2,42,4,4,roc_auc,0.6623209482620778,"{'clf__C': 0.1, 'clf__penalty': 'l2'}",0.0770899851743402,0.6723956798195274,0.4737916506311026,0.8336820467643065
enhancers/enhancer,kuleshov-group/caduceus-ph_seqlen-131k_d_model-256_n_layer-16,mean_max,linear,512,14968,400,2,42,4,4,roc_auc,0.9468867273165114,"{'clf__C': 1.0, 'clf__penalty': 'l2'}",0.4518336469549572,0.7936249999999999,0.7244419950399559,0.725
enhancers/enhancer_strength,kuleshov-group/caduceus-ph_seqlen-131k_d_model-256_n_layer-16,mean_max,linear,512,14968,400,3,42,4,4,accuracy,0.8007749866381615,"{'clf__C': 1.0, 'clf__penalty': 'l2'}",0.3503413830867206,0.7363444444444444,0.5233746077735848,0.585
genomic_benchmark/coding,kuleshov-group/caduceus-ph_seqlen-131k_d_model-256_n_layer-16,mean_max,linear,512,75000,25000,2,42,4,4,roc_auc,0.9774160696888888,"{'clf__C': 1.0, 'clf__penalty': 'l2'}",0.8480067840814092,0.9777126336,0.923999695998784,0.924
genomic_benchmark/enhancer_cohn,kuleshov-group/caduceus-ph_seqlen-131k_d_model-256_n_layer-16,mean_max,linear,512,20843,6948,2,42,4,4,roc_auc,0.8256004088670076,"{'clf__C': 0.1, 'clf__penalty': 'l2'}",0.4886391469028939,0.8291864824277327,0.7442028411257473,0.7442429476108232
genomic_benchmark/enhancer_ensembl,kuleshov-group/caduceus-ph_seqlen-131k_d_model-256_n_layer-16,mean_max,linear,512,123872,30970,2,42,4,4,roc_auc,0.8250529424386944,"{'clf__C': 1.0, 'clf__penalty': 'l2'}",0.4967883145652843,0.8260082225666739,0.747724092950605,0.7479496286729093
genomic_benchmark/human_vs_worm,kuleshov-group/caduceus-ph_seqlen-131k_d_model-256_n_layer-16,mean_max,linear,512,75000,25000,2,42,4,4,roc_auc,0.9947433301333334,"{'clf__C': 1.0, 'clf__penalty': 'l2'}",0.9334457829012276,0.9953010432,0.9667198969115528,0.96672
genomic_benchmark/open_chromatin_region,kuleshov-group/caduceus-ph_seqlen-131k_d_model-256_n_layer-16,mean_max,linear,512,139804,34952,2,42,4,4,roc_auc,0.7402445585705767,"{'clf__C': 1.0, 'clf__penalty': 'l2'}",0.3569033880933851,0.7419524496099965,0.6780576145131724,0.6782444495307851
genomic_benchmark/promoter_notata_251bps,kuleshov-group/caduceus-ph_seqlen-131k_d_model-256_n_layer-16,mean_max,linear,512,27097,9034,2,42,4,4,roc_auc,0.92226435535409,"{'clf__C': 1.0, 'clf__penalty': 'l2'}",0.7154849971098985,0.9291460534352256,0.8564196385969298,0.8567633384990038
genomic_benchmark/regulatory_region_type,kuleshov-group/caduceus-ph_seqlen-131k_d_model-256_n_layer-16,mean_max,linear,512,150000,57713,3,42,4,4,accuracy,0.6457200000000001,"{'clf__C': 10.0, 'clf__penalty': 'l2'}",0.3712499604032992,0.7770585417967215,0.5683240076375307,0.5821738603087693
iDHS-EL/DNase_I,kuleshov-group/caduceus-ph_seqlen-131k_d_model-256_n_layer-16,mean_max,linear,512,711,306,2,42,4,4,roc_auc,0.838060878421136,"{'clf__C': 0.01, 'clf__penalty': 'l2'}",0.6529255310951058,0.8693693693693694,0.8264087741098924,0.8627450980392157
iDNA_ABF/5mC,kuleshov-group/caduceus-ph_seqlen-131k_d_model-256_n_layer-16,mean_max,linear,512,3281,1407,2,42,4,4,roc_auc,0.802582429789938,"{'clf__C': 0.01, 'clf__penalty': 'l2'}",0.5355424228481503,0.8325298234837709,0.7634553057572684,0.7647476901208244
iDNA_ABF/6mA,kuleshov-group/caduceus-ph_seqlen-131k_d_model-256_n_layer-16,mean_max,linear,512,25668,11002,2,42,4,4,roc_auc,0.8349066251285155,"{'clf__C': 1.0, 'clf__penalty': 'l2'}",0.4976095756898343,0.8275990605862641,0.748756876658284,0.7487729503726596
iPro-WAEL/Promoter_Arabidopsis_NonTATA,kuleshov-group/caduceus-ph_seqlen-131k_d_model-256_n_layer-16,mean_max,linear,512,8267,3543,2,42,4,4,roc_auc,0.96986208867704,"{'clf__C': 0.1, 'clf__penalty': 'l2'}",0.831246672423915,0.9722166635013822,0.9156069238909096,0.9156082416031612
iPro-WAEL/Promoter_Arabidopsis_TATA,kuleshov-group/caduceus-ph_seqlen-131k_d_model-256_n_layer-16,mean_max,linear,512,3063,1313,2,42,4,4,roc_auc,0.9568609599822608,"{'clf__C': 0.01, 'clf__penalty': 'l2'}",0.7953435818781553,0.964254413099068,0.8976711562032832,0.907844630616908
iPro-WAEL/Promoter_B_amyloliquefaciens,kuleshov-group/caduceus-ph_seqlen-131k_d_model-256_n_layer-16,mean_max,linear,512,1483,636,2,42,4,4,roc_auc,0.8945594685575917,"{'clf__C': 0.01, 'clf__penalty': 'l2'}",0.6201271334653083,0.8871572243703213,0.809612401566524,0.809748427672956
iPro-WAEL/Promoter_GM12878,kuleshov-group/caduceus-ph_seqlen-131k_d_model-256_n_layer-16,mean_max,linear,512,10992,2750,2,42,4,4,roc_auc,0.982908437842316,"{'clf__C': 0.01, 'clf__penalty': 'l2'}",0.8930930348024804,0.9864140165289256,0.946545390930052,0.9465454545454546
iPro-WAEL/Promoter_HUVEC,kuleshov-group/caduceus-ph_seqlen-131k_d_model-256_n_layer-16,mean_max,linear,512,11928,2982,2,42,4,4,roc_auc,0.9890308765177696,"{'clf__C': 0.01, 'clf__penalty': 'l2'}",0.9109474947549112,0.9903588758124424,0.9553954043116,0.955399061032864
iPro-WAEL/Promoter_Hela-S3,kuleshov-group/caduceus-ph_seqlen-131k_d_model-256_n_layer-16,mean_max,linear,512,11736,2936,2,42,4,4,roc_auc,0.9851478029022034,"{'clf__C': 0.01, 'clf__penalty': 'l2'}",0.8972907448551826,0.9861871607926408,0.9485651324511416,0.9485694822888284
iPro-WAEL/Promoter_NHEK,kuleshov-group/caduceus-ph_seqlen-131k_d_model-256_n_layer-16,mean_max,linear,512,8170,2044,2,42,4,4,roc_auc,0.9580029003729806,"{'clf__C': 0.1, 'clf__penalty': 'l2'}",0.7969720916878057,0.9585900789289256,0.898207171314741,0.898238747553816
iPro-WAEL/Promoter_R_capsulatus,kuleshov-group/caduceus-ph_seqlen-131k_d_model-256_n_layer-16,mean_max,linear,512,7406,3175,2,42,4,4,roc_auc,0.7180750519083539,"{'clf__C': 0.01, 'clf__penalty': 'l2'}",0.3341533711381683,0.7270449048345191,0.6670527930619476,0.6670866141732283
mouse/mouse_TFBS_1,kuleshov-group/caduceus-ph_seqlen-131k_d_model-256_n_layer-16,mean_max,linear,512,5668,2430,2,42,4,4,roc_auc,0.7597420772473364,"{'clf__C': 10.0, 'clf__penalty': 'l2'}",0.4224512202409752,0.7734512015444801,0.7110328121559129,0.7111111111111111
mouse/mouse_TFBS_2,kuleshov-group/caduceus-ph_seqlen-131k_d_model-256_n_layer-16,mean_max,linear,512,47209,20233,2,42,4,4,roc_auc,0.9571588373027132,"{'clf__C': 1.0, 'clf__penalty': 'l2'}",0.7753994514680952,0.95814903744028,0.8872562902358115,0.8873128058122869
mouse/mouse_TFBS_3,kuleshov-group/caduceus-ph_seqlen-131k_d_model-256_n_layer-16,mean_max,linear,512,2293,983,2,42,4,4,roc_auc,0.9153379445403752,"{'clf__C': 0.1, 'clf__penalty': 'l2'}",0.6785545745624372,0.937997781199808,0.83926338971544,0.8392675483214649
mouse/mouse_TFBS_4,kuleshov-group/caduceus-ph_seqlen-131k_d_model-256_n_layer-16,mean_max,linear,512,1667,715,2,42,4,4,roc_auc,0.7746227235568076,"{'clf__C': 0.01, 'clf__penalty': 'l2'}",0.4241641006115614,0.7894934510116896,0.7117251475722988,0.7118881118881119
mouse/mouse_TFBS_5,kuleshov-group/caduceus-ph_seqlen-131k_d_model-256_n_layer-16,mean_max,linear,512,13180,5650,2,42,4,4,roc_auc,0.793228881137225,"{'clf__C': 1.0, 'clf__penalty': 'l2'}",0.4340645732497659,0.7964906257341999,0.7169643297704614,0.7169911504424779
prom/promoter_all_300bps,kuleshov-group/caduceus-ph_seqlen-131k_d_model-256_n_layer-16,mean_max,linear,512,41437,17759,2,42,4,4,roc_auc,0.9622369135970912,"{'clf__C': 1.0, 'clf__penalty': 'l2'}",0.8059579449551207,0.9616827626985022,0.9029787405641287,0.9029787713272144
prom/promoter_all_70bps,kuleshov-group/caduceus-ph_seqlen-131k_d_model-256_n_layer-16,mean_max,linear,512,41437,17759,2,42,4,4,roc_auc,0.8877172345300032,"{'clf__C': 1.0, 'clf__penalty': 'l2'}",0.6053934933889199,0.8858300319409398,0.8025401553875033,0.8025789740413312
prom/promoter_notata_300bps,kuleshov-group/caduceus-ph_seqlen-131k_d_model-256_n_layer-16,mean_max,linear,512,37146,15920,2,42,4,4,roc_auc,0.9905312146068797,"{'clf__C': 1.0, 'clf__penalty': 'l2'}",0.917602225514673,0.9919674376909676,0.958728009487889,0.9587311557788945
prom/promoter_notata_70bps,kuleshov-group/caduceus-ph_seqlen-131k_d_model-256_n_layer-16,mean_max,linear,512,37146,15920,2,42,4,4,roc_auc,0.9127284905023512,"{'clf__C': 0.1, 'clf__penalty': 'l2'}",0.6616982440864355,0.9118041368904825,0.8307609346437677,0.8307788944723619
prom/promoter_tata_300bps,kuleshov-group/caduceus-ph_seqlen-131k_d_model-256_n_layer-16,mean_max,linear,512,4290,1840,2,42,4,4,roc_auc,0.8246469147127388,"{'clf__C': 1.0, 'clf__penalty': 'l2'}",0.5369615970145053,0.8390743147448014,0.7684771667162889,0.7684782608695652
prom/promoter_tata_70bps,kuleshov-group/caduceus-ph_seqlen-131k_d_model-256_n_layer-16,mean_max,linear,512,4290,1840,2,42,4,4,roc_auc,0.8299312358968831,"{'clf__C': 0.01, 'clf__penalty': 'l2'}",0.4982512889816878,0.8351388232514179,0.7488059061107113,0.7489130434782608
splice/acceptors,kuleshov-group/caduceus-ph_seqlen-131k_d_model-256_n_layer-16,mean_max,linear,512,15525,6654,2,42,4,4,roc_auc,0.8419917335465815,"{'clf__C': 1.0, 'clf__penalty': 'l2'}",0.5033997514969196,0.831010914150449,0.7510984877542543,0.7514277126540427
splice/donors,kuleshov-group/caduceus-ph_seqlen-131k_d_model-256_n_layer-16,mean_max,linear,512,15381,6592,2,42,4,4,roc_auc,0.8299265052712558,"{'clf__C': 10.0, 'clf__penalty': 'l2'}",0.5062146043634254,0.8409543797636141,0.7525698748038052,0.7527305825242718
splice/splice_site_type_DNABERT,kuleshov-group/caduceus-ph_seqlen-131k_d_model-256_n_layer-16,mean_max,linear,512,31933,13687,3,42,4,4,accuracy,0.6269690671584933,"{'clf__C': 1.0, 'clf__penalty': 'l2'}",0.3302504165315726,0.7747882411939523,0.5415428575360598,0.6299408197559728
splice/splice_site_type_NT,kuleshov-group/caduceus-ph_seqlen-131k_d_model-256_n_layer-16,mean_max,linear,512,20999,9001,3,42,4,4,accuracy,0.5773609667147483,"{'clf__C': 1.0, 'clf__penalty': 'l2'}",0.3948612665784888,0.769559054105469,0.5952719075050825,0.595600488834574
tf/Human_TFBS_1,kuleshov-group/caduceus-ph_seqlen-131k_d_model-256_n_layer-16,mean_max,linear,512,24064,10314,2,42,4,4,roc_auc,0.8710443195362013,"{'clf__C': 0.1, 'clf__penalty': 'l2'}",0.5925212397883404,0.8776865225782826,0.7959175720003612,0.7960054295132829
tf/Human_TFBS_2,kuleshov-group/caduceus-ph_seqlen-131k_d_model-256_n_layer-16,mean_max,linear,512,22870,9802,2,42,4,4,roc_auc,0.8603104546639053,"{'clf__C': 0.1, 'clf__penalty': 'l2'}",0.5556665533705291,0.8649871412340178,0.7772157353203484,0.7773923689043053
tf/Human_TFBS_3,kuleshov-group/caduceus-ph_seqlen-131k_d_model-256_n_layer-16,mean_max,linear,512,14699,6301,2,42,4,4,roc_auc,0.8197650106084027,"{'clf__C': 0.1, 'clf__penalty': 'l2'}",0.4926525683588715,0.8190412718562512,0.7454637782082219,0.7457546421202984
tf/Human_TFBS_4,kuleshov-group/caduceus-ph_seqlen-131k_d_model-256_n_layer-16,mean_max,linear,512,20505,8789,2,42,4,4,roc_auc,0.7595336292136696,"{'clf__C': 0.1, 'clf__penalty': 'l2'}",0.3893567310773905,0.7697936424838296,0.6931540800504982,0.6938218227329617
tf/Human_TFBS_5,kuleshov-group/caduceus-ph_seqlen-131k_d_model-256_n_layer-16,mean_max,linear,512,14699,6301,2,42,4,4,roc_auc,0.8691029417612057,"{'clf__C': 0.1, 'clf__penalty': 'l2'}",0.5718396056991003,0.8683388997194138,0.7854680107795089,0.7855895889541342
virus/covid_variants,kuleshov-group/caduceus-ph_seqlen-131k_d_model-256_n_layer-16,mean_max,linear,512,64168,27501,9,42,4,4,accuracy,0.4164848522628102,"{'clf__C': 10.0, 'clf__penalty': 'l2'}",0.3472308032574819,0.7833688413254909,0.4252717081997578,0.4216210319624741
EMP/Yeast_H3,LongSafari/hyenadna-medium-160k-seqlen-hf,mean,linear,1536,10475,4490,2,42,4,4,roc_auc,0.9494716144153432,"{'clf__C': 0.01, 'clf__penalty': 'l2'}",0.7914191999471344,0.955437363510026,0.8956640179988655,0.8957683741648107
EMP/Yeast_H3K14ac,LongSafari/hyenadna-medium-160k-seqlen-hf,mean,linear,1536,23133,9915,2,42,4,4,roc_auc,0.8444291160522124,"{'clf__C': 0.01, 'clf__penalty': 'l2'}",0.5444182103585106,0.8514691406830387,0.7722058644026251,0.7762985375693394
EMP/Yeast_H3K36me3,LongSafari/hyenadna-medium-160k-seqlen-hf,mean,linear,1536,24415,10465,2,42,4,4,roc_auc,0.8680190581252327,"{'clf__C': 0.01, 'clf__penalty': 'l2'}",0.5945253535883416,0.8711357545419545,0.7966107433732477,0.7991399904443383
EMP/Yeast_H3K4me1,LongSafari/hyenadna-medium-160k-seqlen-hf,mean,linear,1536,22173,9504,2,42,4,4,roc_auc,0.8090017591304041,"{'clf__C': 0.01, 'clf__penalty': 'l2'}",0.5034590582054221,0.8195269109468925,0.7510221835580687,0.7546296296296297
EMP/Yeast_H3K4me2,LongSafari/hyenadna-medium-160k-seqlen-hf,mean,linear,1536,21478,9205,2,42,4,4,roc_auc,0.7341764545505366,"{'clf__C': 0.01, 'clf__penalty': 'l2'}",0.3465290322309161,0.7421004088283162,0.6700921640580797,0.690385659967409
EMP/Yeast_H3K4me3,LongSafari/hyenadna-medium-160k-seqlen-hf,mean,linear,1536,25759,11040,2,42,4,4,roc_auc,0.7708958007957402,"{'clf__C': 0.01, 'clf__penalty': 'l2'}",0.4012732329930435,0.7774044358948439,0.7004504814615246,0.7024456521739131
EMP/Yeast_H3K79me3,LongSafari/hyenadna-medium-160k-seqlen-hf,mean,linear,1536,20185,8652,2,42,4,4,roc_auc,0.8948174394688314,"{'clf__C': 0.01, 'clf__penalty': 'l2'}",0.6562146434302754,0.8987685976574866,0.828052609486047,0.8289412852519649
EMP/Yeast_H3K9ac,LongSafari/hyenadna-medium-160k-seqlen-hf,mean,linear,1536,19447,8335,2,42,4,4,roc_auc,0.8412756293759415,"{'clf__C': 0.01, 'clf__penalty': 'l2'}",0.5407620555269818,0.8469509142565748,0.770298905870227,0.7736052789442112
EMP/Yeast_H4,LongSafari/hyenadna-medium-160k-seqlen-hf,mean,linear,1536,10220,4381,2,42,4,4,roc_auc,0.9586537041381048,"{'clf__C': 0.01, 'clf__penalty': 'l2'}",0.8260510781472872,0.9614944755999332,0.9129788394632016,0.913946587537092
EMP/Yeast_H4ac,LongSafari/hyenadna-medium-160k-seqlen-hf,mean,linear,1536,23866,10229,2,42,4,4,roc_auc,0.8204713813190257,"{'clf__C': 0.01, 'clf__penalty': 'l2'}",0.4971289749040858,0.8288475139198832,0.7484919774588206,0.7505132466516766
deep4mc/A.thaliana_4mC,LongSafari/hyenadna-medium-160k-seqlen-hf,mean,linear,1536,156697,67157,2,42,4,4,roc_auc,0.7099827246678652,"{'clf__C': 10.0, 'clf__penalty': 'l2'}",0.3065804276963262,0.7102348721077011,0.6532898517186216,0.6532900516699673
deep4mc/C.elegans_4mC,LongSafari/hyenadna-medium-160k-seqlen-hf,mean,linear,1536,84926,36398,2,42,4,4,roc_auc,0.7406093079517277,"{'clf__C': 10.0, 'clf__penalty': 'l2'}",0.3552972640469508,0.7412953188271645,0.6776457547916053,0.6776471234683225
deep4mc/D.melanogaster_4mC,LongSafari/hyenadna-medium-160k-seqlen-hf,mean,linear,1536,126466,54200,2,42,4,4,roc_auc,0.7409505936716787,"{'clf__C': 0.01, 'clf__penalty': 'l2'}",0.3590429380452679,0.7412304679947169,0.6795192474581135,0.679520295202952
deep4mc/E.coli_4mC,LongSafari/hyenadna-medium-160k-seqlen-hf,mean,linear,1536,8681,3721,2,42,4,4,roc_auc,0.7191036949584427,"{'clf__C': 0.01, 'clf__penalty': 'l2'}",0.1829736737299332,0.7277127045385984,0.5679019997577778,0.8247782854071486
deep4mc/G.pickeringii_4mC,LongSafari/hyenadna-medium-160k-seqlen-hf,mean,linear,1536,24053,10309,2,42,4,4,roc_auc,0.7183962886519677,"{'clf__C': 0.01, 'clf__penalty': 'l2'}",0.1889701725156408,0.7255593712942952,0.5562702063963327,0.8330584925792996
deep4mc/G.subterraneus_4mC,LongSafari/hyenadna-medium-160k-seqlen-hf,mean,linear,1536,63567,27243,2,42,4,4,roc_auc,0.7010763670112957,"{'clf__C': 0.01, 'clf__penalty': 'l2'}",0.141916188276122,0.7098795672368396,0.5208498084366332,0.8325808464559703
enhancers/enhancer,LongSafari/hyenadna-medium-160k-seqlen-hf,mean,linear,1536,14968,400,2,42,4,4,roc_auc,0.968712444378044,"{'clf__C': 0.1, 'clf__penalty': 'l2'}",0.4106282486415249,0.7867750000000001,0.7004612644813764,0.7025
enhancers/enhancer_strength,LongSafari/hyenadna-medium-160k-seqlen-hf,mean,linear,1536,14968,400,3,42,4,4,accuracy,0.8499465526456441,"{'clf__C': 0.01, 'clf__penalty': 'l2'}",0.3466501408716289,0.713863888888889,0.5024691358024691,0.575
genomic_benchmark/coding,LongSafari/hyenadna-medium-160k-seqlen-hf,mean,linear,1536,75000,25000,2,42,4,4,roc_auc,0.9843662990222222,"{'clf__C': 0.01, 'clf__penalty': 'l2'}",0.8809356405709077,0.9833341888,0.9402672673707126,0.94028
genomic_benchmark/enhancer_cohn,LongSafari/hyenadna-medium-160k-seqlen-hf,mean,linear,1536,20843,6948,2,42,4,4,roc_auc,0.83229207327959,"{'clf__C': 0.01, 'clf__penalty': 'l2'}",0.4946491825452693,0.8313597945623862,0.7472351571594877,0.7472654001151411
genomic_benchmark/enhancer_ensembl,LongSafari/hyenadna-medium-160k-seqlen-hf,mean,linear,1536,123872,30970,2,42,4,4,roc_auc,0.8567755998458689,"{'clf__C': 1.0, 'clf__penalty': 'l2'}",0.5602388970996878,0.8565528026174257,0.7798361439510184,0.7799160477881821
genomic_benchmark/human_vs_worm,LongSafari/hyenadna-medium-160k-seqlen-hf,mean,linear,1536,75000,25000,2,42,4,4,roc_auc,0.9940830520888888,"{'clf__C': 0.1, 'clf__penalty': 'l2'}",0.9291257561377148,0.994698016,0.964559890220716,0.96456
genomic_benchmark/open_chromatin_region,LongSafari/hyenadna-medium-160k-seqlen-hf,mean,linear,1536,139804,34952,2,42,4,4,roc_auc,0.7660667775401605,"{'clf__C': 0.1, 'clf__penalty': 'l2'}",0.4018761252433399,0.7692693588973816,0.7003795492303478,0.7006179903868162
genomic_benchmark/promoter_notata_251bps,LongSafari/hyenadna-medium-160k-seqlen-hf,mean,linear,1536,27097,9034,2,42,4,4,roc_auc,0.935663265547624,"{'clf__C': 0.01, 'clf__penalty': 'l2'}",0.7441915128415922,0.938416691426007,0.8701595933453137,0.8703785698472437
genomic_benchmark/regulatory_region_type,LongSafari/hyenadna-medium-160k-seqlen-hf,mean,linear,1536,150000,57713,3,42,4,4,accuracy,0.68432,"{'clf__C': 10.0, 'clf__penalty': 'l2'}",0.522184935592669,0.8501580704928103,0.6836751893451348,0.6830869994628593
iDHS-EL/DNase_I,LongSafari/hyenadna-medium-160k-seqlen-hf,mean,linear,1536,711,306,2,42,4,4,roc_auc,0.8472904059879764,"{'clf__C': 0.01, 'clf__penalty': 'l2'}",0.6718146718146718,0.8702273702273703,0.8359073359073359,0.869281045751634
iDNA_ABF/5mC,LongSafari/hyenadna-medium-160k-seqlen-hf,mean,linear,1536,3281,1407,2,42,4,4,roc_auc,0.8119820926890059,"{'clf__C': 0.01, 'clf__penalty': 'l2'}",0.5221555912725809,0.8355707681365576,0.7602270101181623,0.7604832977967306
iDNA_ABF/6mA,LongSafari/hyenadna-medium-160k-seqlen-hf,mean,linear,1536,25668,11002,2,42,4,4,roc_auc,0.872917680965085,"{'clf__C': 0.01, 'clf__penalty': 'l2'}",0.5791724864551627,0.8766676951631573,0.789582792463617,0.7895837120523541
iPro-WAEL/Promoter_Arabidopsis_NonTATA,LongSafari/hyenadna-medium-160k-seqlen-hf,mean,linear,1536,8267,3543,2,42,4,4,roc_auc,0.9830980364152108,"{'clf__C': 0.01, 'clf__penalty': 'l2'}",0.8833872511509416,0.9867892927565124,0.9415674886220486,0.9415749364944962
iPro-WAEL/Promoter_Arabidopsis_TATA,LongSafari/hyenadna-medium-160k-seqlen-hf,mean,linear,1536,3063,1313,2,42,4,4,roc_auc,0.9764653551488838,"{'clf__C': 0.01, 'clf__penalty': 'l2'}",0.8400992329267795,0.9736064711705024,0.9199972035740376,0.9276466108149276
iPro-WAEL/Promoter_B_amyloliquefaciens,LongSafari/hyenadna-medium-160k-seqlen-hf,mean,linear,1536,1483,636,2,42,4,4,roc_auc,0.9130694989865024,"{'clf__C': 0.01, 'clf__penalty': 'l2'}",0.6635252933375545,0.9124432621658772,0.8317605903657648,0.8317610062893082
iPro-WAEL/Promoter_GM12878,LongSafari/hyenadna-medium-160k-seqlen-hf,mean,linear,256,10992,2750,2,42,4,4,roc_auc,0.9820133843536334,"{'clf__C': 1.0, 'clf__penalty': 'l2'}",0.8785642749007602,0.9814542809917356,0.9392720768315006,0.9392727272727271
iPro-WAEL/Promoter_HUVEC,LongSafari/hyenadna-medium-160k-seqlen-hf,mean,linear,256,11928,2982,2,42,4,4,roc_auc,0.9866921178310644,"{'clf__C': 10.0, 'clf__penalty': 'l2'}",0.9155061360369716,0.9895028566210587,0.957746174763221,0.9577464788732394
iPro-WAEL/Promoter_Hela-S3,LongSafari/hyenadna-medium-160k-seqlen-hf,mean,linear,256,11736,2936,2,42,4,4,roc_auc,0.9842665661132044,"{'clf__C': 10.0, 'clf__penalty': 'l2'}",0.8939196527981912,0.9851760351624854,0.9468609369133734,0.946866485013624
iPro-WAEL/Promoter_NHEK,LongSafari/hyenadna-medium-160k-seqlen-hf,mean,linear,256,8170,2044,2,42,4,4,roc_auc,0.9466814664893366,"{'clf__C': 10.0, 'clf__penalty': 'l2'}",0.7750045019813925,0.951085895044826,0.8874716596709458,0.8874755381604696
iPro-WAEL/Promoter_R_capsulatus,LongSafari/hyenadna-medium-160k-seqlen-hf,mean,linear,256,7406,3175,2,42,4,4,roc_auc,0.7276603922179378,"{'clf__C': 1.0, 'clf__penalty': 'l2'}",0.340096680345983,0.7332687439521874,0.6699196553847717,0.6699212598425197
mouse/mouse_TFBS_1,LongSafari/hyenadna-medium-160k-seqlen-hf,mean,linear,256,5668,2430,2,42,4,4,roc_auc,0.7562991561282303,"{'clf__C': 1.0, 'clf__penalty': 'l2'}",0.3705422242430014,0.7517553218513437,0.685112181167508,0.6851851851851852
mouse/mouse_TFBS_2,LongSafari/hyenadna-medium-160k-seqlen-hf,mean,linear,256,47209,20233,2,42,4,4,roc_auc,0.9286708983681992,"{'clf__C': 1.0, 'clf__penalty': 'l2'}",0.7001038124391153,0.9301100414982584,0.8496853281307151,0.8497504077497158
mouse/mouse_TFBS_3,LongSafari/hyenadna-medium-160k-seqlen-hf,mean,linear,256,2293,983,2,42,4,4,roc_auc,0.9218219105616065,"{'clf__C': 1.0, 'clf__penalty': 'l2'}",0.6890190205352077,0.9313786365969564,0.8443127719239405,0.844354018311292
mouse/mouse_TFBS_4,LongSafari/hyenadna-medium-160k-seqlen-hf,mean,linear,256,1667,715,2,42,4,4,roc_auc,0.802596825144744,"{'clf__C': 1.0, 'clf__penalty': 'l2'}",0.3455602768873906,0.7507394019060138,0.6726959012160195,0.6727272727272727
mouse/mouse_TFBS_5,LongSafari/hyenadna-medium-160k-seqlen-hf,mean,linear,256,13180,5650,2,42,4,4,roc_auc,0.7420457023950577,"{'clf__C': 1.0, 'clf__penalty': 'l2'}",0.3713367397012839,0.7495312710470672,0.6856597780221226,0.6856637168141593
prom/promoter_all_300bps,LongSafari/hyenadna-medium-160k-seqlen-hf,mean,linear,256,41437,17759,2,42,4,4,roc_auc,0.9549560171129954,"{'clf__C': 1.0, 'clf__penalty': 'l2'}",0.7830510933067831,0.9541349273871236,0.8914868472278893,0.8914916380426826
prom/promoter_all_70bps,LongSafari/hyenadna-medium-160k-seqlen-hf,mean,linear,256,41437,17759,2,42,4,4,roc_auc,0.869276515641245,"{'clf__C': 1.0, 'clf__penalty': 'l2'}",0.5624190268003755,0.8664053265169663,0.7807783750428134,0.7808998254406216
prom/promoter_notata_300bps,LongSafari/hyenadna-medium-160k-seqlen-hf,mean,linear,256,37146,15920,2,42,4,4,roc_auc,0.9823119829251924,"{'clf__C': 10.0, 'clf__penalty': 'l2'}",0.871507436278215,0.9825746982399436,0.9356728325110292,0.935678391959799
prom/promoter_notata_70bps,LongSafari/hyenadna-medium-160k-seqlen-hf,mean,linear,256,37146,15920,2,42,4,4,roc_auc,0.8901944089715854,"{'clf__C': 1.0, 'clf__penalty': 'l2'}",0.609269583757973,0.8866301671674957,0.8044866217386549,0.8045226130653267
prom/promoter_tata_300bps,LongSafari/hyenadna-medium-160k-seqlen-hf,mean,linear,256,4290,1840,2,42,4,4,roc_auc,0.846216879551266,"{'clf__C': 0.1, 'clf__penalty': 'l2'}",0.5576116602778138,0.8475868383742913,0.778803759816233,0.778804347826087
prom/promoter_tata_70bps,LongSafari/hyenadna-medium-160k-seqlen-hf,mean,linear,256,4290,1840,2,42,4,4,roc_auc,0.8130914187595646,"{'clf__C': 1.0, 'clf__penalty': 'l2'}",0.4904286386423748,0.8285639177693763,0.7450537996869009,0.7451086956521739
splice/acceptors,LongSafari/hyenadna-medium-160k-seqlen-hf,mean,linear,256,15525,6654,2,42,4,4,roc_auc,0.7946624306978439,"{'clf__C': 1.0, 'clf__penalty': 'l2'}",0.4220500503133834,0.7776723405793173,0.7104802199376776,0.7108506161707244
splice/donors,LongSafari/hyenadna-medium-160k-seqlen-hf,mean,linear,256,15381,6592,2,42,4,4,roc_auc,0.7815728530400495,"{'clf__C': 1.0, 'clf__penalty': 'l2'}",0.415249073983553,0.7806662616443903,0.7069722877358491,0.7072208737864077
splice/splice_site_type_DNABERT,LongSafari/hyenadna-medium-160k-seqlen-hf,mean,linear,256,31933,13687,3,42,4,4,accuracy,0.6096828035376779,"{'clf__C': 10.0, 'clf__penalty': 'l2'}",0.2892673894334255,0.7610839282059404,0.5181897157083065,0.6136479871410828
splice/splice_site_type_NT,LongSafari/hyenadna-medium-160k-seqlen-hf,mean,linear,256,20999,9001,3,42,4,4,accuracy,0.5791230710611546,"{'clf__C': 10.0, 'clf__penalty': 'l2'}",0.4038615391641933,0.7769177968437994,0.5981332471182522,0.6010443284079546
tf/Human_TFBS_1,LongSafari/hyenadna-medium-160k-seqlen-hf,mean,linear,256,24064,10314,2,42,4,4,roc_auc,0.849581551368337,"{'clf__C': 1.0, 'clf__penalty': 'l2'}",0.5652580834023361,0.8580837445908761,0.78195259585747,0.7821407795229784
tf/Human_TFBS_2,LongSafari/hyenadna-medium-160k-seqlen-hf,mean,linear,256,22870,9802,2,42,4,4,roc_auc,0.8436351171626387,"{'clf__C': 1.0, 'clf__penalty': 'l2'}",0.518226176220106,0.8441214812728882,0.7583913405842397,0.7586206896551724
tf/Human_TFBS_3,LongSafari/hyenadna-medium-160k-seqlen-hf,mean,linear,256,14699,6301,2,42,4,4,roc_auc,0.8130964100008675,"{'clf__C': 1.0, 'clf__penalty': 'l2'}",0.4865818789190372,0.8153913345725469,0.7431770099014849,0.7432153626408506
tf/Human_TFBS_4,LongSafari/hyenadna-medium-160k-seqlen-hf,mean,linear,256,20505,8789,2,42,4,4,roc_auc,0.7414329237766496,"{'clf__C': 0.1, 'clf__penalty': 'l2'}",0.348670423928034,0.7429710490517889,0.6726387277460684,0.6734554556832404
tf/Human_TFBS_5,LongSafari/hyenadna-medium-160k-seqlen-hf,mean,linear,256,14699,6301,2,42,4,4,roc_auc,0.8575545097435086,"{'clf__C': 1.0, 'clf__penalty': 'l2'}",0.536790018069967,0.8533593265932206,0.7680207699123343,0.7681320425329313
virus/covid_variants,LongSafari/hyenadna-medium-160k-seqlen-hf,mean,linear,256,64168,27501,9,42,4,4,accuracy,0.3876542825084154,"{'clf__C': 10.0, 'clf__penalty': 'l2'}",0.3149038926882953,0.7560450045489066,0.3938913487920008,0.3931129777099014
EMP/Yeast_H3,LongSafari/hyenadna-medium-160k-seqlen-hf,max,linear,256,10475,4490,2,42,4,4,roc_auc,0.8536631583696701,"{'clf__C': 0.01, 'clf__penalty': 'l2'}",0.5684634452668472,0.8591540599563232,0.7841492381416468,0.7844097995545657
EMP/Yeast_H3K14ac,LongSafari/hyenadna-medium-160k-seqlen-hf,max,linear,256,23133,9915,2,42,4,4,roc_auc,0.6657522856000526,"{'clf__C': 0.01, 'clf__penalty': 'l2'}",0.2512106293855087,0.6775255187660518,0.6222795932935354,0.6384266263237519
EMP/Yeast_H3K36me3,LongSafari/hyenadna-medium-160k-seqlen-hf,max,linear,256,24415,10465,2,42,4,4,roc_auc,0.6946595733648439,"{'clf__C': 0.01, 'clf__penalty': 'l2'}",0.295916692063864,0.6984460412434319,0.6460989496648146,0.652651696129957
EMP/Yeast_H3K4me1,LongSafari/hyenadna-medium-160k-seqlen-hf,max,linear,256,22173,9504,2,42,4,4,roc_auc,0.6570593918550063,"{'clf__C': 0.01, 'clf__penalty': 'l2'}",0.2367925064829508,0.6612227167037528,0.6123349974202486,0.6258417508417509
EMP/Yeast_H3K4me2,LongSafari/hyenadna-medium-160k-seqlen-hf,max,linear,256,21478,9205,2,42,4,4,roc_auc,0.6532066875545823,"{'clf__C': 0.01, 'clf__penalty': 'l2'}",0.2129400546433927,0.6580752358574187,0.5921999373491911,0.6351982618142314
EMP/Yeast_H3K4me3,LongSafari/hyenadna-medium-160k-seqlen-hf,max,linear,256,25759,11040,2,42,4,4,roc_auc,0.6085944098790425,"{'clf__C': 0.01, 'clf__penalty': 'l2'}",0.149782970151552,0.6109961018888579,0.5725376971764755,0.5796195652173913
EMP/Yeast_H3K79me3,LongSafari/hyenadna-medium-160k-seqlen-hf,max,linear,256,20185,8652,2,42,4,4,roc_auc,0.7730096556223356,"{'clf__C': 0.01, 'clf__penalty': 'l2'}",0.4361441055177067,0.7842269330028274,0.7170418546329549,0.7199491447064262
EMP/Yeast_H3K9ac,LongSafari/hyenadna-medium-160k-seqlen-hf,max,linear,256,19447,8335,2,42,4,4,roc_auc,0.7420174926125487,"{'clf__C': 0.01, 'clf__penalty': 'l2'}",0.3558979042827994,0.7423010417425511,0.6778388564092803,0.6826634673065387
EMP/Yeast_H4,LongSafari/hyenadna-medium-160k-seqlen-hf,max,linear,256,10220,4381,2,42,4,4,roc_auc,0.8625142266357373,"{'clf__C': 0.01, 'clf__penalty': 'l2'}",0.5961371169921232,0.8755692842343095,0.7980278104252028,0.800273910066195
EMP/Yeast_H4ac,LongSafari/hyenadna-medium-160k-seqlen-hf,max,linear,256,23866,10229,2,42,4,4,roc_auc,0.6644908997047221,"{'clf__C': 0.01, 'clf__penalty': 'l2'}",0.2395316585447251,0.6623905333020305,0.6180414985356328,0.6246944960406687
deep4mc/A.thaliana_4mC,LongSafari/hyenadna-medium-160k-seqlen-hf,max,linear,256,156697,67157,2,42,4,4,roc_auc,0.6149917935886049,"{'clf__C': 0.01, 'clf__penalty': 'l2'}",0.1724469821660655,0.6183635691261911,0.5859182161339942,0.5861339845436813
deep4mc/C.elegans_4mC,LongSafari/hyenadna-medium-160k-seqlen-hf,max,linear,256,84926,36398,2,42,4,4,roc_auc,0.6258288554259328,"{'clf__C': 0.01, 'clf__penalty': 'l2'}",0.1788909670782382,0.6247950758240699,0.5892973059513724,0.5894005165118963
deep4mc/D.melanogaster_4mC,LongSafari/hyenadna-medium-160k-seqlen-hf,max,linear,256,126466,54200,2,42,4,4,roc_auc,0.6352217631190014,"{'clf__C': 0.01, 'clf__penalty': 'l2'}",0.1968496586762839,0.6362543946841683,0.5983336384994691,0.5983948339483395
deep4mc/E.coli_4mC,LongSafari/hyenadna-medium-160k-seqlen-hf,max,linear,256,8681,3721,2,42,4,4,roc_auc,0.6360567573266043,"{'clf__C': 0.01, 'clf__penalty': 'l2'}",0.0956857579769353,0.6642805130499007,0.4872659736991881,0.83310937919914
deep4mc/G.pickeringii_4mC,LongSafari/hyenadna-medium-160k-seqlen-hf,max,linear,256,24053,10309,2,42,4,4,roc_auc,0.6505144133917614,"{'clf__C': 0.01, 'clf__penalty': 'l2'}",0.0899215360335195,0.6442578928675528,0.4789986560777443,0.8340285187700068
deep4mc/G.subterraneus_4mC,LongSafari/hyenadna-medium-160k-seqlen-hf,max,linear,256,63567,27243,2,42,4,4,roc_auc,0.6203139961818653,"{'clf__C': 0.01, 'clf__penalty': 'l2'}",0.015603409948788,0.6264594366519125,0.4570087889869985,0.8328744998715266
enhancers/enhancer,LongSafari/hyenadna-medium-160k-seqlen-hf,max,linear,256,14968,400,2,42,4,4,roc_auc,0.9127561923659124,"{'clf__C': 0.01, 'clf__penalty': 'l2'}",0.43544110754525,0.7791249999999998,0.717356911936668,0.7175
enhancers/enhancer_strength,LongSafari/hyenadna-medium-160k-seqlen-hf,max,linear,256,14968,400,3,42,4,4,accuracy,0.727752538749332,"{'clf__C': 0.01, 'clf__penalty': 'l2'}",0.3050336135069134,0.7077555555555556,0.4938952843984029,0.57
genomic_benchmark/coding,LongSafari/hyenadna-medium-160k-seqlen-hf,max,linear,256,75000,25000,2,42,4,4,roc_auc,0.9302394368,"{'clf__C': 0.01, 'clf__penalty': 'l2'}",0.7010526190607157,0.930262048,0.850518654667892,0.85052
genomic_benchmark/enhancer_cohn,LongSafari/hyenadna-medium-160k-seqlen-hf,max,linear,256,20843,6948,2,42,4,4,roc_auc,0.786172686370764,"{'clf__C': 0.01, 'clf__penalty': 'l2'}",0.4093378891059799,0.7867873824767523,0.7046590767192661,0.7046632124352331
genomic_benchmark/enhancer_ensembl,LongSafari/hyenadna-medium-160k-seqlen-hf,max,linear,256,123872,30970,2,42,4,4,roc_auc,0.757371213777327,"{'clf__C': 0.01, 'clf__penalty': 'l2'}",0.383873142516907,0.7571510567425495,0.691745895205313,0.6918308040038748
genomic_benchmark/human_vs_worm,LongSafari/hyenadna-medium-160k-seqlen-hf,max,linear,256,75000,25000,2,42,4,4,roc_auc,0.9326337024,"{'clf__C': 0.01, 'clf__penalty': 'l2'}",0.7084145643913335,0.9329090816,0.85390902266375,0.85396
genomic_benchmark/open_chromatin_region,LongSafari/hyenadna-medium-160k-seqlen-hf,max,linear,256,139804,34952,2,42,4,4,roc_auc,0.6628848981853225,"{'clf__C': 0.01, 'clf__penalty': 'l2'}",0.236598247670468,0.6605422498531943,0.6180904215154729,0.6182192721446556
genomic_benchmark/promoter_notata_251bps,LongSafari/hyenadna-medium-160k-seqlen-hf,max,linear,256,27097,9034,2,42,4,4,roc_auc,0.8841807393744049,"{'clf__C': 0.01, 'clf__penalty': 'l2'}",0.6024503795805513,0.8816057982053245,0.8002830245241757,0.8008634049147665
genomic_benchmark/regulatory_region_type,LongSafari/hyenadna-medium-160k-seqlen-hf,max,linear,256,150000,57713,3,42,4,4,accuracy,0.6329,"{'clf__C': 1.0, 'clf__penalty': 'l2'}",0.3931230753734605,0.7791354802480859,0.5895612331865977,0.596434078977007
iDHS-EL/DNase_I,LongSafari/hyenadna-medium-160k-seqlen-hf,max,linear,256,711,306,2,42,4,4,roc_auc,0.7594807363352317,"{'clf__C': 0.01, 'clf__penalty': 'l2'}",0.4939183537702721,0.8230909480909481,0.7415540540540541,0.8104575163398693
iDNA_ABF/5mC,LongSafari/hyenadna-medium-160k-seqlen-hf,max,linear,256,3281,1407,2,42,4,4,roc_auc,0.6777310639449639,"{'clf__C': 0.01, 'clf__penalty': 'l2'}",0.2954505764771289,0.698829286822708,0.6471473354231975,0.6474769012082445
iDNA_ABF/6mA,LongSafari/hyenadna-medium-160k-seqlen-hf,max,linear,256,25668,11002,2,42,4,4,roc_auc,0.7706830058889859,"{'clf__C': 0.01, 'clf__penalty': 'l2'}",0.407515370487115,0.7745154233331542,0.7033271218769741,0.7035084530085439
iPro-WAEL/Promoter_Arabidopsis_NonTATA,LongSafari/hyenadna-medium-160k-seqlen-hf,max,linear,256,8267,3543,2,42,4,4,roc_auc,0.922169004752355,"{'clf__C': 0.01, 'clf__penalty': 'l2'}",0.7100295647104687,0.9252660432118672,0.8549057745064045,0.8549252046288456
iPro-WAEL/Promoter_Arabidopsis_TATA,LongSafari/hyenadna-medium-160k-seqlen-hf,max,linear,256,3063,1313,2,42,4,4,roc_auc,0.9147405680120176,"{'clf__C': 0.01, 'clf__penalty': 'l2'}",0.6751361774262383,0.9242039924111194,0.8354636591478697,0.8568164508758568
iPro-WAEL/Promoter_B_amyloliquefaciens,LongSafari/hyenadna-medium-160k-seqlen-hf,max,linear,256,1483,636,2,42,4,4,roc_auc,0.8774776833510127,"{'clf__C': 0.01, 'clf__penalty': 'l2'}",0.5693458898109244,0.8681407790512544,0.7845778807380503,0.7845911949685535
iPro-WAEL/Promoter_GM12878,LongSafari/hyenadna-medium-160k-seqlen-hf,max,linear,256,10992,2750,2,42,4,4,roc_auc,0.9602891026741164,"{'clf__C': 0.01, 'clf__penalty': 'l2'}",0.8300429961384642,0.9596646611570248,0.9148975676177508,0.9149090909090908
iPro-WAEL/Promoter_HUVEC,LongSafari/hyenadna-medium-160k-seqlen-hf,max,linear,256,11928,2982,2,42,4,4,roc_auc,0.9714767478108084,"{'clf__C': 0.1, 'clf__penalty': 'l2'}",0.8712399052835358,0.9758812207022596,0.935613218686813,0.9356136820925554
iPro-WAEL/Promoter_Hela-S3,LongSafari/hyenadna-medium-160k-seqlen-hf,max,linear,256,11736,2936,2,42,4,4,roc_auc,0.9661283757316728,"{'clf__C': 0.01, 'clf__penalty': 'l2'}",0.842025152945989,0.965144239692922,0.9209779562614882,0.9209809264305178
iPro-WAEL/Promoter_NHEK,LongSafari/hyenadna-medium-160k-seqlen-hf,max,linear,256,8170,2044,2,42,4,4,roc_auc,0.9160299612595832,"{'clf__C': 0.01, 'clf__penalty': 'l2'}",0.7078054815522075,0.9253889959061125,0.8536800605815822,0.8537181996086106
iPro-WAEL/Promoter_R_capsulatus,LongSafari/hyenadna-medium-160k-seqlen-hf,max,linear,256,7406,3175,2,42,4,4,roc_auc,0.6915546883363302,"{'clf__C': 0.01, 'clf__penalty': 'l2'}",0.2738371450036037,0.6834712836563993,0.636841171191253,0.6368503937007874
mouse/mouse_TFBS_1,LongSafari/hyenadna-medium-160k-seqlen-hf,max,linear,256,5668,2430,2,42,4,4,roc_auc,0.632992975703824,"{'clf__C': 0.01, 'clf__penalty': 'l2'}",0.177828439100884,0.632543142136192,0.5888303284232085,0.5888888888888889
mouse/mouse_TFBS_2,LongSafari/hyenadna-medium-160k-seqlen-hf,max,linear,256,47209,20233,2,42,4,4,roc_auc,0.8692729409173594,"{'clf__C': 0.01, 'clf__penalty': 'l2'}",0.5913098048393824,0.8757169917813696,0.7950895472871011,0.7952355063510107
mouse/mouse_TFBS_3,LongSafari/hyenadna-medium-160k-seqlen-hf,max,linear,256,2293,983,2,42,4,4,roc_auc,0.8606422047401057,"{'clf__C': 0.01, 'clf__penalty': 'l2'}",0.593383019636807,0.8886998493202853,0.79648033126294,0.7965412004069176
mouse/mouse_TFBS_4,LongSafari/hyenadna-medium-160k-seqlen-hf,max,linear,256,1667,715,2,42,4,4,roc_auc,0.6688264804843436,"{'clf__C': 0.01, 'clf__penalty': 'l2'}",0.3174914909529525,0.6830978201336401,0.6587405912085504,0.6587412587412588
mouse/mouse_TFBS_5,LongSafari/hyenadna-medium-160k-seqlen-hf,max,linear,256,13180,5650,2,42,4,4,roc_auc,0.6342262852140698,"{'clf__C': 0.01, 'clf__penalty': 'l2'}",0.179127266113107,0.6287576474273632,0.5895435198650836,0.5895575221238938
prom/promoter_all_300bps,LongSafari/hyenadna-medium-160k-seqlen-hf,max,linear,256,41437,17759,2,42,4,4,roc_auc,0.9225135803808904,"{'clf__C': 0.01, 'clf__penalty': 'l2'}",0.694025985626359,0.9231483856026316,0.8467993186671653,0.8468382228729096
prom/promoter_all_70bps,LongSafari/hyenadna-medium-160k-seqlen-hf,max,linear,256,41437,17759,2,42,4,4,roc_auc,0.8218189394333291,"{'clf__C': 0.01, 'clf__penalty': 'l2'}",0.4801576171302639,0.8188473802950378,0.7396384112659604,0.739793907314601
prom/promoter_notata_300bps,LongSafari/hyenadna-medium-160k-seqlen-hf,max,linear,256,37146,15920,2,42,4,4,roc_auc,0.949764929498937,"{'clf__C': 0.01, 'clf__penalty': 'l2'}",0.7593479450259567,0.9510793603696878,0.8793529925307983,0.8793969849246231
prom/promoter_notata_70bps,LongSafari/hyenadna-medium-160k-seqlen-hf,max,linear,256,37146,15920,2,42,4,4,roc_auc,0.8391349841507763,"{'clf__C': 0.01, 'clf__penalty': 'l2'}",0.5224645573982828,0.8376645949597232,0.7608827555163309,0.7609924623115578
prom/promoter_tata_300bps,LongSafari/hyenadna-medium-160k-seqlen-hf,max,linear,256,4290,1840,2,42,4,4,roc_auc,0.7957331266946037,"{'clf__C': 0.01, 'clf__penalty': 'l2'}",0.4708549900934551,0.7957130198487713,0.7352690841098524,0.7353260869565217
prom/promoter_tata_70bps,LongSafari/hyenadna-medium-160k-seqlen-hf,max,linear,256,4290,1840,2,42,4,4,roc_auc,0.7817996370278497,"{'clf__C': 0.01, 'clf__penalty': 'l2'}",0.4555771727271063,0.795304229678639,0.7276748404981757,0.7277173913043479
splice/acceptors,LongSafari/hyenadna-medium-160k-seqlen-hf,max,linear,256,15525,6654,2,42,4,4,roc_auc,0.7003592584971762,"{'clf__C': 0.01, 'clf__penalty': 'l2'}",0.2934215240962025,0.6960480475596755,0.6462523535890389,0.6466786895100691
splice/donors,LongSafari/hyenadna-medium-160k-seqlen-hf,max,linear,256,15381,6592,2,42,4,4,roc_auc,0.6855419287787521,"{'clf__C': 0.01, 'clf__penalty': 'l2'}",0.2615983224760375,0.6831704959681875,0.6300565762064776,0.6304611650485437
splice/splice_site_type_DNABERT,LongSafari/hyenadna-medium-160k-seqlen-hf,max,linear,256,31933,13687,3,42,4,4,accuracy,0.5711959471052841,"{'clf__C': 0.01, 'clf__penalty': 'l2'}",0.1475667552956124,0.6904484125493936,0.3962108430633157,0.5659384817710236
splice/splice_site_type_NT,LongSafari/hyenadna-medium-160k-seqlen-hf,max,linear,256,20999,9001,3,42,4,4,accuracy,0.5139291928621326,"{'clf__C': 0.1, 'clf__penalty': 'l2'}",0.2745875890308042,0.6984039517485975,0.514228619041491,0.5157204755027219
tf/Human_TFBS_1,LongSafari/hyenadna-medium-160k-seqlen-hf,max,linear,256,24064,10314,2,42,4,4,roc_auc,0.7996127127305908,"{'clf__C': 0.01, 'clf__penalty': 'l2'}",0.4614394536929448,0.8072599115709331,0.7300063819389472,0.730269536552259
tf/Human_TFBS_2,LongSafari/hyenadna-medium-160k-seqlen-hf,max,linear,256,22870,9802,2,42,4,4,roc_auc,0.7943004222181803,"{'clf__C': 0.01, 'clf__penalty': 'l2'}",0.4489766854809478,0.8016687981719748,0.7237578236020421,0.7240359110385636
tf/Human_TFBS_3,LongSafari/hyenadna-medium-160k-seqlen-hf,max,linear,256,14699,6301,2,42,4,4,roc_auc,0.7619019665862389,"{'clf__C': 0.01, 'clf__penalty': 'l2'}",0.3886045623263673,0.7629633323762173,0.6940788721971349,0.6941755276940168
tf/Human_TFBS_4,LongSafari/hyenadna-medium-160k-seqlen-hf,max,linear,256,20505,8789,2,42,4,4,roc_auc,0.6944045364116387,"{'clf__C': 0.01, 'clf__penalty': 'l2'}",0.2755119307869046,0.6951724945020177,0.633482875989688,0.6359085220161566
tf/Human_TFBS_5,LongSafari/hyenadna-medium-160k-seqlen-hf,max,linear,256,14699,6301,2,42,4,4,roc_auc,0.8135539479771733,"{'clf__C': 0.01, 'clf__penalty': 'l2'}",0.4567440192943106,0.8110785691617174,0.7277500439132593,0.7279796857641644
virus/covid_variants,LongSafari/hyenadna-medium-160k-seqlen-hf,max,linear,256,64168,27501,9,42,4,4,accuracy,0.3397955367161202,"{'clf__C': 1.0, 'clf__penalty': 'l2'}",0.2575528697512586,0.7153473707224905,0.3404045368964505,0.3428602596269227
EMP/Yeast_H3,LongSafari/hyenadna-medium-160k-seqlen-hf,mean_max,linear,512,10475,4490,2,42,4,4,roc_auc,0.9034373520318671,"{'clf__C': 0.1, 'clf__penalty': 'l2'}",0.6741990385717216,0.9156783799880882,0.8369736066011437,0.8371937639198218
EMP/Yeast_H3K14ac,LongSafari/hyenadna-medium-160k-seqlen-hf,mean_max,linear,512,23133,9915,2,42,4,4,roc_auc,0.7237172663131569,"{'clf__C': 0.1, 'clf__penalty': 'l2'}",0.336425421429071,0.7296057152484452,0.667306254930656,0.6771558245083207
EMP/Yeast_H3K36me3,LongSafari/hyenadna-medium-160k-seqlen-hf,mean_max,linear,512,24415,10465,2,42,4,4,roc_auc,0.7632480673767934,"{'clf__C': 0.1, 'clf__penalty': 'l2'}",0.4094604995298191,0.7679217662650543,0.7038681159261401,0.7079789775441949
EMP/Yeast_H3K4me1,LongSafari/hyenadna-medium-160k-seqlen-hf,mean_max,linear,512,22173,9504,2,42,4,4,roc_auc,0.7097209897113936,"{'clf__C': 0.1, 'clf__penalty': 'l2'}",0.3171813184717086,0.7128619467888662,0.6559445459576971,0.6639309764309764
EMP/Yeast_H3K4me2,LongSafari/hyenadna-medium-160k-seqlen-hf,mean_max,linear,512,21478,9205,2,42,4,4,roc_auc,0.6770150580334302,"{'clf__C': 0.01, 'clf__penalty': 'l2'}",0.256673752461773,0.6816416385442754,0.6180702531861324,0.6529060293318848
EMP/Yeast_H3K4me3,LongSafari/hyenadna-medium-160k-seqlen-hf,mean_max,linear,512,25759,11040,2,42,4,4,roc_auc,0.6524208006777185,"{'clf__C': 0.1, 'clf__penalty': 'l2'}",0.2199159788647336,0.6545416707715229,0.6089607600122382,0.6133152173913043
EMP/Yeast_H3K79me3,LongSafari/hyenadna-medium-160k-seqlen-hf,mean_max,linear,512,20185,8652,2,42,4,4,roc_auc,0.8364513268994714,"{'clf__C': 0.1, 'clf__penalty': 'l2'}",0.545482467702939,0.8415151222495856,0.7723436604443163,0.7740406842348589
EMP/Yeast_H3K9ac,LongSafari/hyenadna-medium-160k-seqlen-hf,mean_max,linear,512,19447,8335,2,42,4,4,roc_auc,0.7802942597310591,"{'clf__C': 0.1, 'clf__penalty': 'l2'}",0.4200981705141061,0.7801872514023457,0.7100487102340671,0.713497300539892
EMP/Yeast_H4,LongSafari/hyenadna-medium-160k-seqlen-hf,mean_max,linear,512,10220,4381,2,42,4,4,roc_auc,0.9173640355613144,"{'clf__C': 0.1, 'clf__penalty': 'l2'}",0.7315792285163532,0.9248071990286918,0.8656187079213852,0.8669253595069619
EMP/Yeast_H4ac,LongSafari/hyenadna-medium-160k-seqlen-hf,mean_max,linear,512,23866,10229,2,42,4,4,roc_auc,0.7156659597811643,"{'clf__C': 0.1, 'clf__penalty': 'l2'}",0.3146653450894607,0.7165440137941871,0.6563266228951168,0.6611594486264541
deep4mc/A.thaliana_4mC,LongSafari/hyenadna-medium-160k-seqlen-hf,mean_max,linear,512,156697,67157,2,42,4,4,roc_auc,0.6575785506409114,"{'clf__C': 0.1, 'clf__penalty': 'l2'}",0.2343320165819309,0.6601418677233416,0.6170865376492327,0.6171359649775898
deep4mc/C.elegans_4mC,LongSafari/hyenadna-medium-160k-seqlen-hf,mean_max,linear,512,84926,36398,2,42,4,4,roc_auc,0.6773825540480096,"{'clf__C': 1.0, 'clf__penalty': 'l2'}",0.2542175627521662,0.6728795892530166,0.6270745262366524,0.6270948953239189
deep4mc/D.melanogaster_4mC,LongSafari/hyenadna-medium-160k-seqlen-hf,mean_max,linear,512,126466,54200,2,42,4,4,roc_auc,0.6832906173238631,"{'clf__C': 10.0, 'clf__penalty': 'l2'}",0.2681391852709534,0.6834163968355551,0.6340446397653752,0.6340590405904059
deep4mc/E.coli_4mC,LongSafari/hyenadna-medium-160k-seqlen-hf,mean_max,linear,512,8681,3721,2,42,4,4,roc_auc,0.6752325657646544,"{'clf__C': 1.0, 'clf__penalty': 'l2'}",0.1326636422478019,0.6827022500546129,0.5374323979208605,0.8220908357968288
deep4mc/G.pickeringii_4mC,LongSafari/hyenadna-medium-160k-seqlen-hf,mean_max,linear,512,24053,10309,2,42,4,4,roc_auc,0.6989960340455457,"{'clf__C': 1.0, 'clf__penalty': 'l2'}",0.1542662146943708,0.6883591255922183,0.531123571567596,0.832282471626734
deep4mc/G.subterraneus_4mC,LongSafari/hyenadna-medium-160k-seqlen-hf,mean_max,linear,512,63567,27243,2,42,4,4,roc_auc,0.6653716353643985,"{'clf__C': 0.1, 'clf__penalty': 'l2'}",0.0754125375385023,0.6765256624471411,0.4754035714675584,0.8332048599640275
enhancers/enhancer,LongSafari/hyenadna-medium-160k-seqlen-hf,mean_max,linear,512,14968,400,2,42,4,4,roc_auc,0.9444332480822798,"{'clf__C': 1.0, 'clf__penalty': 'l2'}",0.4020151261036848,0.775625,0.6992481203007519,0.7
enhancers/enhancer_strength,LongSafari/hyenadna-medium-160k-seqlen-hf,mean_max,linear,512,14968,400,3,42,4,4,accuracy,0.7976349545697488,"{'clf__C': 0.1, 'clf__penalty': 'l2'}",0.30347266061874,0.7106611111111111,0.4794330071370085,0.565
genomic_benchmark/coding,LongSafari/hyenadna-medium-160k-seqlen-hf,mean_max,linear,512,75000,25000,2,42,4,4,roc_auc,0.9538580252444444,"{'clf__C': 1.0, 'clf__penalty': 'l2'}",0.7649011703096776,0.953794432,0.8824383731351828,0.88244
genomic_benchmark/enhancer_cohn,LongSafari/hyenadna-medium-160k-seqlen-hf,mean_max,linear,512,20843,6948,2,42,4,4,roc_auc,0.8085313306538862,"{'clf__C': 0.1, 'clf__penalty': 'l2'}",0.4514074445128961,0.8043222802567573,0.7256598823312698,0.7256764536557283
genomic_benchmark/enhancer_ensembl,LongSafari/hyenadna-medium-160k-seqlen-hf,mean_max,linear,512,123872,30970,2,42,4,4,roc_auc,0.8250449676063311,"{'clf__C': 10.0, 'clf__penalty': 'l2'}",0.4967218411406615,0.8232572357200073,0.7480330554896912,0.7481433645463351
genomic_benchmark/human_vs_worm,LongSafari/hyenadna-medium-160k-seqlen-hf,mean_max,linear,512,75000,25000,2,42,4,4,roc_auc,0.976821083022222,"{'clf__C': 10.0, 'clf__penalty': 'l2'}",0.8473602711553301,0.9781828096,0.923679987788798,0.92368
genomic_benchmark/open_chromatin_region,LongSafari/hyenadna-medium-160k-seqlen-hf,mean_max,linear,512,139804,34952,2,42,4,4,roc_auc,0.7377376527171046,"{'clf__C': 10.0, 'clf__penalty': 'l2'}",0.354720393461702,0.7383076937060621,0.6771365093206292,0.6772430762188144
genomic_benchmark/promoter_notata_251bps,LongSafari/hyenadna-medium-160k-seqlen-hf,mean_max,linear,512,27097,9034,2,42,4,4,roc_auc,0.907698149858687,"{'clf__C': 1.0, 'clf__penalty': 'l2'}",0.6671905256143239,0.9097356196392324,0.8324229535791334,0.8328536639362408
genomic_benchmark/regulatory_region_type,LongSafari/hyenadna-medium-160k-seqlen-hf,mean_max,linear,512,150000,57713,3,42,4,4,accuracy,0.7381666666666666,"{'clf__C': 1.0, 'clf__penalty': 'l2'}",0.3401395809277779,0.7100462549876211,0.5229994049894379,0.5601510924748324
iDHS-EL/DNase_I,LongSafari/hyenadna-medium-160k-seqlen-hf,mean_max,linear,512,711,306,2,42,4,4,roc_auc,0.7811903649541212,"{'clf__C': 0.01, 'clf__penalty': 'l2'}",0.5986661219388097,0.8206241956241955,0.7969647772993577,0.8464052287581699
iDNA_ABF/5mC,LongSafari/hyenadna-medium-160k-seqlen-hf,mean_max,linear,512,3281,1407,2,42,4,4,roc_auc,0.7326798076686482,"{'clf__C': 1.0, 'clf__penalty': 'l2'}",0.4058281421507591,0.7729859045648519,0.7029126507849912,0.7029140014214641
iDNA_ABF/6mA,LongSafari/hyenadna-medium-160k-seqlen-hf,mean_max,linear,512,25668,11002,2,42,4,4,roc_auc,0.8338345691746017,"{'clf__C': 1.0, 'clf__penalty': 'l2'}",0.5129379095030244,0.8376238115850828,0.7563789434525456,0.7564079258316669
iPro-WAEL/Promoter_Arabidopsis_NonTATA,LongSafari/hyenadna-medium-160k-seqlen-hf,mean_max,linear,512,8267,3543,2,42,4,4,roc_auc,0.9658441965415508,"{'clf__C': 0.1, 'clf__penalty': 'l2'}",0.8306569026832216,0.9728300701163594,0.9153258262841892,0.9153259949195596
iPro-WAEL/Promoter_Arabidopsis_TATA,LongSafari/hyenadna-medium-160k-seqlen-hf,mean_max,linear,512,3063,1313,2,42,4,4,roc_auc,0.953780636940504,"{'clf__C': 0.01, 'clf__penalty': 'l2'}",0.776293231478103,0.9621741730594736,0.8878635975729412,0.9002284843869002
iPro-WAEL/Promoter_B_amyloliquefaciens,LongSafari/hyenadna-medium-160k-seqlen-hf,mean_max,linear,512,1483,636,2,42,4,4,roc_auc,0.8941581916872735,"{'clf__C': 0.01, 'clf__penalty': 'l2'}",0.5915638580722606,0.8771693877752835,0.7954983922829582,0.7955974842767296
iPro-WAEL/Promoter_GM12878,LongSafari/hyenadna-medium-160k-seqlen-hf,mean_max,linear,512,10992,2750,2,42,4,4,roc_auc,0.978712452512771,"{'clf__C': 1.0, 'clf__penalty': 'l2'}",0.8596875201182947,0.9799674710743802,0.9298160937019614,0.9298181818181818
iPro-WAEL/Promoter_HUVEC,LongSafari/hyenadna-medium-160k-seqlen-hf,mean_max,linear,512,11928,2982,2,42,4,4,roc_auc,0.9848882024541616,"{'clf__C': 1.0, 'clf__penalty': 'l2'}",0.8987355922448819,0.98702341480135,0.9493625646980104,0.9493628437290408
iPro-WAEL/Promoter_Hela-S3,LongSafari/hyenadna-medium-160k-seqlen-hf,mean_max,linear,512,11736,2936,2,42,4,4,roc_auc,0.9814534854274148,"{'clf__C': 1.0, 'clf__penalty': 'l2'}",0.8896589872312157,0.9856242900311086,0.9448224786172488,0.9448228882833788
iPro-WAEL/Promoter_NHEK,LongSafari/hyenadna-medium-160k-seqlen-hf,mean_max,linear,512,8170,2044,2,42,4,4,roc_auc,0.9438410754566612,"{'clf__C': 1.0, 'clf__penalty': 'l2'}",0.7761618051204312,0.9488130024011858,0.8879480124893742,0.8879647749510763
iPro-WAEL/Promoter_R_capsulatus,LongSafari/hyenadna-medium-160k-seqlen-hf,mean_max,linear,512,7406,3175,2,42,4,4,roc_auc,0.7187524804296337,"{'clf__C': 0.1, 'clf__penalty': 'l2'}",0.307262260911987,0.7169218886559509,0.6535374987004556,0.6535433070866141
mouse/mouse_TFBS_1,LongSafari/hyenadna-medium-160k-seqlen-hf,mean_max,linear,512,5668,2430,2,42,4,4,roc_auc,0.7371352386188872,"{'clf__C': 10.0, 'clf__penalty': 'l2'}",0.3486023135932624,0.73002828159664,0.6738617630471564,0.674074074074074
mouse/mouse_TFBS_2,LongSafari/hyenadna-medium-160k-seqlen-hf,mean_max,linear,512,47209,20233,2,42,4,4,roc_auc,0.9317695834877416,"{'clf__C': 1.0, 'clf__penalty': 'l2'}",0.7124500926788468,0.9342576102385796,0.8558086320534946,0.8558790095388722
mouse/mouse_TFBS_3,LongSafari/hyenadna-medium-160k-seqlen-hf,mean_max,linear,512,2293,983,2,42,4,4,roc_auc,0.8981471596305454,"{'clf__C': 0.1, 'clf__penalty': 'l2'}",0.650074927963536,0.915346149388174,0.825023802624498,0.8250254323499492
mouse/mouse_TFBS_4,LongSafari/hyenadna-medium-160k-seqlen-hf,mean_max,linear,512,1667,715,2,42,4,4,roc_auc,0.7420602905760738,"{'clf__C': 1.0, 'clf__penalty': 'l2'}",0.3259998564087435,0.7400826252288626,0.6628948609146629,0.6629370629370629
mouse/mouse_TFBS_5,LongSafari/hyenadna-medium-160k-seqlen-hf,mean_max,linear,512,13180,5650,2,42,4,4,roc_auc,0.736746736490589,"{'clf__C': 1.0, 'clf__penalty': 'l2'}",0.3547064664057877,0.7414340355548594,0.6773377642487317,0.6773451327433628
prom/promoter_all_300bps,LongSafari/hyenadna-medium-160k-seqlen-hf,mean_max,linear,512,41437,17759,2,42,4,4,roc_auc,0.95484803766822,"{'clf__C': 1.0, 'clf__penalty': 'l2'}",0.7803390644205919,0.9538796814327564,0.8901359955372543,0.8901402105974435
prom/promoter_all_70bps,LongSafari/hyenadna-medium-160k-seqlen-hf,mean_max,linear,512,41437,17759,2,42,4,4,roc_auc,0.869851787929088,"{'clf__C': 1.0, 'clf__penalty': 'l2'}",0.5623916043978658,0.8673505672865116,0.7809404270727753,0.7810124443943915
prom/promoter_notata_300bps,LongSafari/hyenadna-medium-160k-seqlen-hf,mean_max,linear,512,37146,15920,2,42,4,4,roc_auc,0.9815798158845048,"{'clf__C': 1.0, 'clf__penalty': 'l2'}",0.8722654392803515,0.9825606045301886,0.9360495991104232,0.9360552763819096
prom/promoter_notata_70bps,LongSafari/hyenadna-medium-160k-seqlen-hf,mean_max,linear,512,37146,15920,2,42,4,4,roc_auc,0.8905773566378268,"{'clf__C': 1.0, 'clf__penalty': 'l2'}",0.615126856596554,0.8884012714325397,0.807447158372676,0.8074748743718593
prom/promoter_tata_300bps,LongSafari/hyenadna-medium-160k-seqlen-hf,mean_max,linear,512,4290,1840,2,42,4,4,roc_auc,0.8268714030181059,"{'clf__C': 0.01, 'clf__penalty': 'l2'}",0.5022498733998413,0.8302841446124763,0.7510681336963096,0.7510869565217392
prom/promoter_tata_70bps,LongSafari/hyenadna-medium-160k-seqlen-hf,mean_max,linear,512,4290,1840,2,42,4,4,roc_auc,0.804061755207899,"{'clf__C': 0.01, 'clf__penalty': 'l2'}",0.4675017856883002,0.8175360349716446,0.7336641852770884,0.7336956521739131
splice/acceptors,LongSafari/hyenadna-medium-160k-seqlen-hf,mean_max,linear,512,15525,6654,2,42,4,4,roc_auc,0.7894495046481858,"{'clf__C': 1.0, 'clf__penalty': 'l2'}",0.4290028042187891,0.7794527565457798,0.7142529867079022,0.7144574691914638
splice/donors,LongSafari/hyenadna-medium-160k-seqlen-hf,mean_max,linear,512,15381,6592,2,42,4,4,roc_auc,0.7817248595284856,"{'clf__C': 10.0, 'clf__penalty': 'l2'}",0.4154244351211371,0.7818578555911485,0.7071661950478401,0.707372572815534
splice/splice_site_type_DNABERT,LongSafari/hyenadna-medium-160k-seqlen-hf,mean_max,linear,512,31933,13687,3,42,4,4,accuracy,0.610465572099981,"{'clf__C': 10.0, 'clf__penalty': 'l2'}",0.3004485131761592,0.7629181401344423,0.5298089117937352,0.6159129100606415
splice/splice_site_type_NT,LongSafari/hyenadna-medium-160k-seqlen-hf,mean_max,linear,512,20999,9001,3,42,4,4,accuracy,0.5784086220504586,"{'clf__C': 10.0, 'clf__penalty': 'l2'}",0.4031806488753791,0.7738708406732586,0.5989136341033293,0.6010443284079546
tf/Human_TFBS_1,LongSafari/hyenadna-medium-160k-seqlen-hf,mean_max,linear,512,24064,10314,2,42,4,4,roc_auc,0.847929568137449,"{'clf__C': 1.0, 'clf__penalty': 'l2'}",0.5476069487190333,0.8549727804266188,0.7733910679141782,0.7735117316269149
tf/Human_TFBS_2,LongSafari/hyenadna-medium-160k-seqlen-hf,mean_max,linear,512,22870,9802,2,42,4,4,roc_auc,0.8413343455701678,"{'clf__C': 1.0, 'clf__penalty': 'l2'}",0.508947583296335,0.841229908607486,0.7539666014433125,0.7541318098347276
tf/Human_TFBS_3,LongSafari/hyenadna-medium-160k-seqlen-hf,mean_max,linear,512,14699,6301,2,42,4,4,roc_auc,0.8077822820058187,"{'clf__C': 1.0, 'clf__penalty': 'l2'}",0.4675170830627503,0.810883015218147,0.733657315293605,0.7336930645929217
tf/Human_TFBS_4,LongSafari/hyenadna-medium-160k-seqlen-hf,mean_max,linear,512,20505,8789,2,42,4,4,roc_auc,0.7359488319692955,"{'clf__C': 0.1, 'clf__penalty': 'l2'}",0.3410374119909527,0.741054224837572,0.6691394736508929,0.669814540903402
tf/Human_TFBS_5,LongSafari/hyenadna-medium-160k-seqlen-hf,mean_max,linear,512,14699,6301,2,42,4,4,roc_auc,0.8541245934328257,"{'clf__C': 1.0, 'clf__penalty': 'l2'}",0.5335484250817322,0.853045996987603,0.766674072663408,0.766703697825742
virus/covid_variants,LongSafari/hyenadna-medium-160k-seqlen-hf,mean_max,linear,512,64168,27501,9,42,4,4,accuracy,0.4438193492083281,"{'clf__C': 1.0, 'clf__penalty': 'l2'}",0.3713043885908251,0.7936781030825121,0.4434483050379025,0.4430747972800989
EMP/Yeast_H3,zhihan1996/DNABERT-2-117M,mean,linear,768,10475,4490,2,42,4,4,roc_auc,0.8994696536581567,"{'clf__C': 0.01, 'clf__penalty': 'l2'}",0.6505555548984863,0.902751439348819,0.8252771217143665,0.8253897550111359
EMP/Yeast_H3K14ac,zhihan1996/DNABERT-2-117M,mean,linear,768,23133,9915,2,42,4,4,roc_auc,0.7266570321025266,"{'clf__C': 0.01, 'clf__penalty': 'l2'}",0.3498070001427082,0.7347366222565958,0.6738365999017277,0.6838124054462935
EMP/Yeast_H3K36me3,zhihan1996/DNABERT-2-117M,mean,linear,768,24415,10465,2,42,4,4,roc_auc,0.7716320096671363,"{'clf__C': 0.01, 'clf__penalty': 'l2'}",0.4139848497227541,0.7747672291065237,0.7068621533768902,0.7096034400382226
EMP/Yeast_H3K4me1,zhihan1996/DNABERT-2-117M,mean,linear,768,22173,9504,2,42,4,4,roc_auc,0.7039617298296892,"{'clf__C': 0.01, 'clf__penalty': 'l2'}",0.3149552642571824,0.7120672889752445,0.6559613939818358,0.6624579124579124
EMP/Yeast_H3K4me2,zhihan1996/DNABERT-2-117M,mean,linear,768,21478,9205,2,42,4,4,roc_auc,0.6733852210919693,"{'clf__C': 0.01, 'clf__penalty': 'l2'}",0.259508913004054,0.6745439640611615,0.6226705348418451,0.6527973927213471
EMP/Yeast_H3K4me3,zhihan1996/DNABERT-2-117M,mean,linear,768,25759,11040,2,42,4,4,roc_auc,0.6453962610913754,"{'clf__C': 0.01, 'clf__penalty': 'l2'}",0.2116318976987249,0.6463619953000123,0.6046667298052766,0.6093297101449275
EMP/Yeast_H3K79me3,zhihan1996/DNABERT-2-117M,mean,linear,768,20185,8652,2,42,4,4,roc_auc,0.8397271503599629,"{'clf__C': 0.01, 'clf__penalty': 'l2'}",0.5479158570705855,0.8420901272125377,0.7737617521611266,0.7751964863615349
EMP/Yeast_H3K9ac,zhihan1996/DNABERT-2-117M,mean,linear,768,19447,8335,2,42,4,4,roc_auc,0.773246976198317,"{'clf__C': 0.01, 'clf__penalty': 'l2'}",0.4088495142649608,0.7704889342172362,0.7043566996122923,0.7085782843431314
EMP/Yeast_H4,zhihan1996/DNABERT-2-117M,mean,linear,768,10220,4381,2,42,4,4,roc_auc,0.9226212196245036,"{'clf__C': 0.01, 'clf__penalty': 'l2'}",0.7136912310421752,0.9232477359500566,0.8568433747672841,0.8587080575211139
EMP/Yeast_H4ac,zhihan1996/DNABERT-2-117M,mean,linear,768,23866,10229,2,42,4,4,roc_auc,0.7136407697847953,"{'clf__C': 0.01, 'clf__penalty': 'l2'}",0.3210566262717722,0.7175424271825759,0.65996148907678,0.6639945253690488
deep4mc/A.thaliana_4mC,zhihan1996/DNABERT-2-117M,mean,linear,768,156697,67157,2,42,4,4,roc_auc,0.5703167201069597,"{'clf__C': 0.01, 'clf__penalty': 'l2'}",0.1073458572500092,0.5741459660539953,0.5536718438804975,0.5536727370192236
deep4mc/C.elegans_4mC,zhihan1996/DNABERT-2-117M,mean,linear,768,84926,36398,2,42,4,4,roc_auc,0.5815978821634237,"{'clf__C': 0.01, 'clf__penalty': 'l2'}",0.1215658562050015,0.5823046969226642,0.5606083964340018,0.5607450958843893
deep4mc/D.melanogaster_4mC,zhihan1996/DNABERT-2-117M,mean,linear,768,126466,54200,2,42,4,4,roc_auc,0.5871836217906462,"{'clf__C': 0.01, 'clf__penalty': 'l2'}",0.1355138165238594,0.5923395208398579,0.567724099535529,0.5677490774907749
deep4mc/E.coli_4mC,zhihan1996/DNABERT-2-117M,mean,linear,768,8681,3721,2,42,4,4,roc_auc,0.5600438449494128,"{'clf__C': 0.01, 'clf__penalty': 'l2'}",0.0443052533118389,0.5864565020648906,0.4729555954710776,0.8296156947057243
deep4mc/G.pickeringii_4mC,zhihan1996/DNABERT-2-117M,mean,linear,768,24053,10309,2,42,4,4,roc_auc,0.5979750698774237,"{'clf__C': 0.01, 'clf__penalty': 'l2'}",0.0350725283213835,0.6009848815712466,0.4656319737246427,0.8313124454360268
deep4mc/G.subterraneus_4mC,zhihan1996/DNABERT-2-117M,mean,linear,768,63567,27243,2,42,4,4,roc_auc,0.5756443874178735,"{'clf__C': 0.01, 'clf__penalty': 'l2'}",0.0124914869167129,0.5835455288274309,0.4558020249188343,0.8331681532870829
enhancers/enhancer,zhihan1996/DNABERT-2-117M,mean,linear,768,14968,400,2,42,4,4,roc_auc,0.9311346836193716,"{'clf__C': 0.01, 'clf__penalty': 'l2'}",0.4307760960892128,0.8013500000000001,0.7147432689420479,0.715
enhancers/enhancer_strength,zhihan1996/DNABERT-2-117M,mean,linear,768,14968,400,3,42,4,4,accuracy,0.7694414751469802,"{'clf__C': 0.01, 'clf__penalty': 'l2'}",0.2566864991458362,0.6908249999999999,0.4510605014952841,0.54
genomic_benchmark/coding,zhihan1996/DNABERT-2-117M,mean,linear,768,75000,25000,2,42,4,4,roc_auc,0.9427950848,"{'clf__C': 0.01, 'clf__penalty': 'l2'}",0.7417703397571844,0.9433588096,0.870879100078976,0.87088
genomic_benchmark/enhancer_cohn,zhihan1996/DNABERT-2-117M,mean,linear,768,20843,6948,2,42,4,4,roc_auc,0.8052303159191975,"{'clf__C': 0.01, 'clf__penalty': 'l2'}",0.4490829073213028,0.8064331166069916,0.7245149767136619,0.7245250431778929
genomic_benchmark/enhancer_ensembl,zhihan1996/DNABERT-2-117M,mean,linear,768,123872,30970,2,42,4,4,roc_auc,0.7889626873818665,"{'clf__C': 0.01, 'clf__penalty': 'l2'}",0.4465680791251119,0.7887999104198351,0.7230169113443485,0.7231191475621569
genomic_benchmark/human_vs_worm,zhihan1996/DNABERT-2-117M,mean,linear,768,75000,25000,2,42,4,4,roc_auc,0.9748847843555556,"{'clf__C': 0.1, 'clf__penalty': 'l2'}",0.844727030861283,0.9765268736,0.9223596768920314,0.92236
genomic_benchmark/open_chromatin_region,zhihan1996/DNABERT-2-117M,mean,linear,768,139804,34952,2,42,4,4,roc_auc,0.7134399721211776,"{'clf__C': 0.01, 'clf__penalty': 'l2'}",0.3066770134047858,0.7124119205354564,0.6530649335803205,0.6532101167315175
genomic_benchmark/promoter_notata_251bps,zhihan1996/DNABERT-2-117M,mean,linear,768,27097,9034,2,42,4,4,roc_auc,0.8906682562684243,"{'clf__C': 0.01, 'clf__penalty': 'l2'}",0.6358430166393919,0.8900981655366282,0.8166884810323107,0.81713526676998
genomic_benchmark/regulatory_region_type,zhihan1996/DNABERT-2-117M,mean,linear,768,150000,57713,3,42,4,4,accuracy,0.6528666666666667,"{'clf__C': 0.01, 'clf__penalty': 'l2'}",0.4775400532685367,0.8322860445672444,0.6544455536270222,0.6534056451752638
iDHS-EL/DNase_I,zhihan1996/DNABERT-2-117M,mean,linear,768,711,306,2,42,4,4,roc_auc,0.8152296165559247,"{'clf__C': 0.01, 'clf__penalty': 'l2'}",0.571565980468637,0.8383204633204634,0.7830771848239098,0.8366013071895425
iDNA_ABF/5mC,zhihan1996/DNABERT-2-117M,mean,linear,768,3281,1407,2,42,4,4,roc_auc,0.6142100345785368,"{'clf__C': 0.01, 'clf__penalty': 'l2'}",0.1684440870296133,0.6155680201732834,0.5842217484008528,0.5842217484008528
iDNA_ABF/6mA,zhihan1996/DNABERT-2-117M,mean,linear,768,25668,11002,2,42,4,4,roc_auc,0.7163503990296928,"{'clf__C': 0.01, 'clf__penalty': 'l2'}",0.2963679472014929,0.7080801788414072,0.648120342398687,0.6481548809307399
iPro-WAEL/Promoter_Arabidopsis_NonTATA,zhihan1996/DNABERT-2-117M,mean,linear,768,8267,3543,2,42,4,4,roc_auc,0.9488162181143028,"{'clf__C': 0.01, 'clf__penalty': 'l2'}",0.7703702773179159,0.94587459355837,0.8851173630485591,0.8851255997742027
iPro-WAEL/Promoter_Arabidopsis_TATA,zhihan1996/DNABERT-2-117M,mean,linear,768,3063,1313,2,42,4,4,roc_auc,0.934597458114514,"{'clf__C': 0.01, 'clf__penalty': 'l2'}",0.750117963053219,0.943671121009651,0.8750084995852202,0.8880426504188881
iPro-WAEL/Promoter_B_amyloliquefaciens,zhihan1996/DNABERT-2-117M,mean,linear,768,1483,636,2,42,4,4,roc_auc,0.8048103582522155,"{'clf__C': 0.01, 'clf__penalty': 'l2'}",0.3930717009179355,0.7697160883280757,0.6965341284145102,0.6965408805031447
iPro-WAEL/Promoter_GM12878,zhihan1996/DNABERT-2-117M,mean,linear,768,10992,2750,2,42,4,4,roc_auc,0.9751273388718328,"{'clf__C': 0.01, 'clf__penalty': 'l2'}",0.8801231385686566,0.979923570247934,0.9399958026816024,0.94
iPro-WAEL/Promoter_HUVEC,zhihan1996/DNABERT-2-117M,mean,linear,768,11928,2982,2,42,4,4,roc_auc,0.9805774058615048,"{'clf__C': 0.01, 'clf__penalty': 'l2'}",0.9001255790381244,0.9829808270593828,0.950031910580649,0.9500335345405768
iPro-WAEL/Promoter_Hela-S3,zhihan1996/DNABERT-2-117M,mean,linear,768,11736,2936,2,42,4,4,roc_auc,0.9783375594596692,"{'clf__C': 0.01, 'clf__penalty': 'l2'}",0.8835742343276308,0.978820653505483,0.9417555404662772,0.9417574931880108
iPro-WAEL/Promoter_NHEK,zhihan1996/DNABERT-2-117M,mean,linear,768,8170,2044,2,42,4,4,roc_auc,0.9319051908555644,"{'clf__C': 0.01, 'clf__penalty': 'l2'}",0.7280191959198076,0.9355126550526384,0.8639889167502027,0.8639921722113503
iPro-WAEL/Promoter_R_capsulatus,zhihan1996/DNABERT-2-117M,mean,linear,768,7406,3175,2,42,4,4,roc_auc,0.6006691528000783,"{'clf__C': 0.01, 'clf__penalty': 'l2'}",0.1556539743548781,0.6072813480102845,0.5778260696991346,0.5779527559055118
mouse/mouse_TFBS_1,zhihan1996/DNABERT-2-117M,mean,linear,768,5668,2430,2,42,4,4,roc_auc,0.6647507231479046,"{'clf__C': 0.01, 'clf__penalty': 'l2'}",0.2461025384442773,0.688003522498264,0.6230360746489778,0.6230452674897119
mouse/mouse_TFBS_2,zhihan1996/DNABERT-2-117M,mean,linear,768,47209,20233,2,42,4,4,roc_auc,0.8532568860382677,"{'clf__C': 0.01, 'clf__penalty': 'l2'}",0.5455269876802766,0.8536182516670416,0.7727406518624124,0.7727474917214452
mouse/mouse_TFBS_3,zhihan1996/DNABERT-2-117M,mean,linear,768,2293,983,2,42,4,4,roc_auc,0.8437238167628243,"{'clf__C': 0.01, 'clf__penalty': 'l2'}",0.5625877133016769,0.8629766694815624,0.7812736415824841,0.7812817904374364
mouse/mouse_TFBS_4,zhihan1996/DNABERT-2-117M,mean,linear,768,1667,715,2,42,4,4,roc_auc,0.7177928465449024,"{'clf__C': 0.01, 'clf__penalty': 'l2'}",0.3174808103970848,0.7096771669561679,0.6587352508528685,0.6587412587412588
mouse/mouse_TFBS_5,zhihan1996/DNABERT-2-117M,mean,linear,768,13180,5650,2,42,4,4,roc_auc,0.6430174604016717,"{'clf__C': 0.01, 'clf__penalty': 'l2'}",0.2109737817745273,0.6449369566919884,0.6054864167017124,0.6054867256637169
prom/promoter_all_300bps,zhihan1996/DNABERT-2-117M,mean,linear,768,41437,17759,2,42,4,4,roc_auc,0.9434232888064932,"{'clf__C': 0.01, 'clf__penalty': 'l2'}",0.7600155505767986,0.9431355326212572,0.8800039553474552,0.8800045047581508
prom/promoter_all_70bps,zhihan1996/DNABERT-2-117M,mean,linear,768,41437,17759,2,42,4,4,roc_auc,0.8291607845017762,"{'clf__C': 0.01, 'clf__penalty': 'l2'}",0.4949195138875693,0.8274879473177423,0.7471920316609355,0.7472830677403007
prom/promoter_notata_300bps,zhihan1996/DNABERT-2-117M,mean,linear,768,37146,15920,2,42,4,4,roc_auc,0.97682696805657,"{'clf__C': 0.01, 'clf__penalty': 'l2'}",0.856382123963768,0.9780397433145628,0.9280683848030142,0.928077889447236
prom/promoter_notata_70bps,zhihan1996/DNABERT-2-117M,mean,linear,768,37146,15920,2,42,4,4,roc_auc,0.8500876776446176,"{'clf__C': 0.01, 'clf__penalty': 'l2'}",0.5360198192563855,0.8490909320471706,0.7679453072609024,0.767964824120603
prom/promoter_tata_300bps,zhihan1996/DNABERT-2-117M,mean,linear,768,4290,1840,2,42,4,4,roc_auc,0.7192601709218955,"{'clf__C': 0.01, 'clf__penalty': 'l2'}",0.3234045217059415,0.7298032844990547,0.6611102488488799,0.6614130434782609
prom/promoter_tata_70bps,zhihan1996/DNABERT-2-117M,mean,linear,768,4290,1840,2,42,4,4,roc_auc,0.73108480773066,"{'clf__C': 0.01, 'clf__penalty': 'l2'}",0.3350994877147183,0.7416050330812854,0.6672340425531915,0.6673913043478261
splice/acceptors,zhihan1996/DNABERT-2-117M,mean,linear,768,15525,6654,2,42,4,4,roc_auc,0.7621589412387036,"{'clf__C': 0.01, 'clf__penalty': 'l2'}",0.3989876617768553,0.7579109520969987,0.6988152375174447,0.6992786293958522
splice/donors,zhihan1996/DNABERT-2-117M,mean,linear,768,15381,6592,2,42,4,4,roc_auc,0.7560439438094224,"{'clf__C': 0.01, 'clf__penalty': 'l2'}",0.3820402368347588,0.7578988548915646,0.6907170945405686,0.6908373786407767
splice/splice_site_type_DNABERT,zhihan1996/DNABERT-2-117M,mean,linear,768,31933,13687,3,42,4,4,accuracy,0.5572918235631981,"{'clf__C': 0.01, 'clf__penalty': 'l2'}",0.1542304198340131,0.6770738666846672,0.3874986059765131,0.5624315043471908
splice/splice_site_type_NT,zhihan1996/DNABERT-2-117M,mean,linear,768,20999,9001,3,42,4,4,accuracy,0.4444978998267244,"{'clf__C': 0.01, 'clf__penalty': 'l2'}",0.1786327488236885,0.646356334013814,0.4522341192738344,0.4523941784246195
tf/Human_TFBS_1,zhihan1996/DNABERT-2-117M,mean,linear,768,24064,10314,2,42,4,4,roc_auc,0.7930733303831626,"{'clf__C': 0.01, 'clf__penalty': 'l2'}",0.4572450673100339,0.8008829144539564,0.7286205541887407,0.7286212914485166
tf/Human_TFBS_2,zhihan1996/DNABERT-2-117M,mean,linear,768,22870,9802,2,42,4,4,roc_auc,0.7814383375389287,"{'clf__C': 0.01, 'clf__penalty': 'l2'}",0.4301344345148539,0.7823753827102897,0.7150521457337959,0.7150581513976739
tf/Human_TFBS_3,zhihan1996/DNABERT-2-117M,mean,linear,768,14699,6301,2,42,4,4,roc_auc,0.7341254727036175,"{'clf__C': 0.01, 'clf__penalty': 'l2'}",0.3731879950852851,0.7516188864205366,0.6865253490024372,0.6865576892556737
tf/Human_TFBS_4,zhihan1996/DNABERT-2-117M,mean,linear,768,20505,8789,2,42,4,4,roc_auc,0.680818465396663,"{'clf__C': 0.01, 'clf__penalty': 'l2'}",0.2635134389066918,0.6832787807140049,0.6316205809656922,0.6316987143019683
tf/Human_TFBS_5,zhihan1996/DNABERT-2-117M,mean,linear,768,14699,6301,2,42,4,4,roc_auc,0.8056355737762564,"{'clf__C': 0.01, 'clf__penalty': 'l2'}",0.4538186970856351,0.8074509981714044,0.726845606629669,0.7268687509919061
virus/covid_variants,zhihan1996/DNABERT-2-117M,mean,linear,768,64168,27501,9,42,4,4,accuracy,0.4575956863234011,"{'clf__C': 1.0, 'clf__penalty': 'l2'}",0.3983532346697983,0.807503895339361,0.4677611384199072,0.4670011999563652
EMP/Yeast_H3,zhihan1996/DNABERT-2-117M,max,linear,768,10475,4490,2,42,4,4,roc_auc,0.8519486296942683,"{'clf__C': 0.01, 'clf__penalty': 'l2'}",0.554234410203847,0.857723049434187,0.7771073236675685,0.77728285077951
EMP/Yeast_H3K14ac,zhihan1996/DNABERT-2-117M,max,linear,768,23133,9915,2,42,4,4,roc_auc,0.6823798301194142,"{'clf__C': 0.01, 'clf__penalty': 'l2'}",0.2793921404933576,0.7009581683930125,0.6378205058221831,0.6507312153303076
EMP/Yeast_H3K36me3,zhihan1996/DNABERT-2-117M,max,linear,768,24415,10465,2,42,4,4,roc_auc,0.7387724853784028,"{'clf__C': 0.01, 'clf__penalty': 'l2'}",0.3464313085413306,0.7334967279155447,0.6730437096512776,0.6762541806020067
EMP/Yeast_H3K4me1,zhihan1996/DNABERT-2-117M,max,linear,768,22173,9504,2,42,4,4,roc_auc,0.6707778448501687,"{'clf__C': 0.01, 'clf__penalty': 'l2'}",0.2664188174750032,0.6823013958189721,0.6316237104564661,0.63878367003367
EMP/Yeast_H3K4me2,zhihan1996/DNABERT-2-117M,max,linear,768,21478,9205,2,42,4,4,roc_auc,0.6332623243773761,"{'clf__C': 0.01, 'clf__penalty': 'l2'}",0.2150822119117635,0.6457939285327432,0.5989976044703325,0.6336773492667028
EMP/Yeast_H3K4me3,zhihan1996/DNABERT-2-117M,max,linear,768,25759,11040,2,42,4,4,roc_auc,0.6105012506617676,"{'clf__C': 0.01, 'clf__penalty': 'l2'}",0.1635443024466901,0.6119348271967255,0.5801655933514671,0.5859601449275362
EMP/Yeast_H3K79me3,zhihan1996/DNABERT-2-117M,max,linear,768,20185,8652,2,42,4,4,roc_auc,0.7926335224021162,"{'clf__C': 0.01, 'clf__penalty': 'l2'}",0.4717947886281851,0.8007091388070673,0.7356913602477296,0.7374017568192326
EMP/Yeast_H3K9ac,zhihan1996/DNABERT-2-117M,max,linear,768,19447,8335,2,42,4,4,roc_auc,0.7139119567661802,"{'clf__C': 0.01, 'clf__penalty': 'l2'}",0.3002017296249777,0.7149431631092007,0.649550974149606,0.6562687462507498
EMP/Yeast_H4,zhihan1996/DNABERT-2-117M,max,linear,768,10220,4381,2,42,4,4,roc_auc,0.8840082374858355,"{'clf__C': 0.01, 'clf__penalty': 'l2'}",0.6251153724044548,0.8863143394614237,0.8125403328221164,0.8151107053184204
EMP/Yeast_H4ac,zhihan1996/DNABERT-2-117M,max,linear,768,23866,10229,2,42,4,4,roc_auc,0.6680161749262895,"{'clf__C': 0.01, 'clf__penalty': 'l2'}",0.2434450859450032,0.6721177729202433,0.6207033136025638,0.626160915045459
deep4mc/A.thaliana_4mC,zhihan1996/DNABERT-2-117M,max,linear,768,156697,67157,2,42,4,4,roc_auc,0.5609539756293208,"{'clf__C': 0.01, 'clf__penalty': 'l2'}",0.091116369993062,0.5652568021711436,0.5455533946255355,0.5455574251381092
deep4mc/C.elegans_4mC,zhihan1996/DNABERT-2-117M,max,linear,768,84926,36398,2,42,4,4,roc_auc,0.5743504750124688,"{'clf__C': 0.01, 'clf__penalty': 'l2'}",0.1060045196528019,0.5734530600710467,0.5529769979433342,0.5529974174405187
deep4mc/D.melanogaster_4mC,zhihan1996/DNABERT-2-117M,max,linear,768,126466,54200,2,42,4,4,roc_auc,0.5791991053085965,"{'clf__C': 0.01, 'clf__penalty': 'l2'}",0.123997949445151,0.5843394493539031,0.5619701723960844,0.5619926199261993
deep4mc/E.coli_4mC,zhihan1996/DNABERT-2-117M,max,linear,768,8681,3721,2,42,4,4,roc_auc,0.5598096370135854,"{'clf__C': 0.01, 'clf__penalty': 'l2'}",0.0395051804247253,0.5878582351166637,0.4760777433985101,0.8269282450954044
deep4mc/G.pickeringii_4mC,zhihan1996/DNABERT-2-117M,max,linear,768,24053,10309,2,42,4,4,roc_auc,0.5811808827476228,"{'clf__C': 0.01, 'clf__penalty': 'l2'}",0.0244199187423911,0.590465575082026,0.4628316286408686,0.8311184401978854
deep4mc/G.subterraneus_4mC,zhihan1996/DNABERT-2-117M,max,linear,768,63567,27243,2,42,4,4,roc_auc,0.5727705402369239,"{'clf__C': 0.01, 'clf__penalty': 'l2'}",0.002898555431159,0.5793297320833805,0.4551168244939599,0.8330580332562493
enhancers/enhancer,zhihan1996/DNABERT-2-117M,max,linear,768,14968,400,2,42,4,4,roc_auc,0.9028052290994706,"{'clf__C': 0.01, 'clf__penalty': 'l2'}",0.4500225016876406,0.78995,0.7249931248281207,0.725
enhancers/enhancer_strength,zhihan1996/DNABERT-2-117M,max,linear,768,14968,400,3,42,4,4,accuracy,0.7089791555318012,"{'clf__C': 0.01, 'clf__penalty': 'l2'}",0.3081310128395197,0.696525,0.4900604324849988,0.57
genomic_benchmark/coding,zhihan1996/DNABERT-2-117M,max,linear,768,75000,25000,2,42,4,4,roc_auc,0.916685735822222,"{'clf__C': 0.01, 'clf__penalty': 'l2'}",0.6736994567212693,0.916030784,0.8368376439355785,0.83684
genomic_benchmark/enhancer_cohn,zhihan1996/DNABERT-2-117M,max,linear,768,20843,6948,2,42,4,4,roc_auc,0.7768862622314606,"{'clf__C': 0.01, 'clf__penalty': 'l2'}",0.4006962249400111,0.7766485735469243,0.700343411971319,0.7003454231433506
genomic_benchmark/enhancer_ensembl,zhihan1996/DNABERT-2-117M,max,linear,768,123872,30970,2,42,4,4,roc_auc,0.7538864930514518,"{'clf__C': 0.01, 'clf__penalty': 'l2'}",0.3817172712114279,0.7529872701706288,0.6908065086680943,0.6908298353245076
genomic_benchmark/human_vs_worm,zhihan1996/DNABERT-2-117M,max,linear,768,75000,25000,2,42,4,4,roc_auc,0.9524008504888888,"{'clf__C': 0.01, 'clf__penalty': 'l2'}",0.7612167810566647,0.9522091072,0.8805986839109335,0.8806
genomic_benchmark/open_chromatin_region,zhihan1996/DNABERT-2-117M,max,linear,768,139804,34952,2,42,4,4,roc_auc,0.6751989042974449,"{'clf__C': 0.01, 'clf__penalty': 'l2'}",0.2555724333966904,0.6739900945669937,0.6276889552136452,0.6277466239414053
genomic_benchmark/promoter_notata_251bps,zhihan1996/DNABERT-2-117M,max,linear,768,27097,9034,2,42,4,4,roc_auc,0.8722629817485398,"{'clf__C': 0.01, 'clf__penalty': 'l2'}",0.5990844014134101,0.8750870652019016,0.7990559482543114,0.7998671684746513
genomic_benchmark/regulatory_region_type,zhihan1996/DNABERT-2-117M,max,linear,768,150000,57713,3,42,4,4,accuracy,0.6129733333333333,"{'clf__C': 0.01, 'clf__penalty': 'l2'}",0.4155447695780082,0.804358367640554,0.6127990369996307,0.6122537383258538
iDHS-EL/DNase_I,zhihan1996/DNABERT-2-117M,max,linear,768,711,306,2,42,4,4,roc_auc,0.7844591688419553,"{'clf__C': 0.01, 'clf__penalty': 'l2'}",0.4625960928255958,0.8107035607035606,0.7163865546218487,0.803921568627451
iDNA_ABF/5mC,zhihan1996/DNABERT-2-117M,max,linear,768,3281,1407,2,42,4,4,roc_auc,0.5903909010249083,"{'clf__C': 0.01, 'clf__penalty': 'l2'}",0.1286497124945898,0.5953300788827105,0.5643177295993753,0.5643212508884151
iDNA_ABF/6mA,zhihan1996/DNABERT-2-117M,max,linear,768,25668,11002,2,42,4,4,roc_auc,0.697184967330039,"{'clf__C': 0.01, 'clf__penalty': 'l2'}",0.2734156825161838,0.6939870561453007,0.6366952113150716,0.6367024177422287
iPro-WAEL/Promoter_Arabidopsis_NonTATA,zhihan1996/DNABERT-2-117M,max,linear,768,8267,3543,2,42,4,4,roc_auc,0.92095968990914,"{'clf__C': 0.01, 'clf__penalty': 'l2'}",0.6765703021561996,0.9153530736610528,0.8382701250484659,0.838272650296359
iPro-WAEL/Promoter_Arabidopsis_TATA,zhihan1996/DNABERT-2-117M,max,linear,768,3063,1313,2,42,4,4,roc_auc,0.8939613410052227,"{'clf__C': 0.01, 'clf__penalty': 'l2'}",0.6591798447467803,0.9240493277241608,0.8286199095022624,0.8492003046458492
iPro-WAEL/Promoter_B_amyloliquefaciens,zhihan1996/DNABERT-2-117M,max,linear,768,1483,636,2,42,4,4,roc_auc,0.7844397980089652,"{'clf__C': 0.01, 'clf__penalty': 'l2'}",0.38369643717161,0.7594315833193239,0.6918208518339053,0.6918238993710691
iPro-WAEL/Promoter_GM12878,zhihan1996/DNABERT-2-117M,max,linear,768,10992,2750,2,42,4,4,roc_auc,0.9624824405840214,"{'clf__C': 0.01, 'clf__penalty': 'l2'}",0.840738167652798,0.9666057520661158,0.9203631203693088,0.9203636363636364
iPro-WAEL/Promoter_HUVEC,zhihan1996/DNABERT-2-117M,max,linear,768,11928,2982,2,42,4,4,roc_auc,0.9753901229869716,"{'clf__C': 0.01, 'clf__penalty': 'l2'}",0.8846539146027588,0.9741822272782684,0.9423201750736032,0.942320590207914
iPro-WAEL/Promoter_Hela-S3,zhihan1996/DNABERT-2-117M,max,linear,768,11736,2936,2,42,4,4,roc_auc,0.9697283662525108,"{'clf__C': 0.01, 'clf__penalty': 'l2'}",0.8631849698367027,0.970741393135297,0.9315353079800875,0.9315395095367848
iPro-WAEL/Promoter_NHEK,zhihan1996/DNABERT-2-117M,max,linear,768,8170,2044,2,42,4,4,roc_auc,0.9132689681137182,"{'clf__C': 0.01, 'clf__penalty': 'l2'}",0.6830072563871313,0.9146995071250492,0.8414834857088693,0.8414872798434442
iPro-WAEL/Promoter_R_capsulatus,zhihan1996/DNABERT-2-117M,max,linear,768,7406,3175,2,42,4,4,roc_auc,0.5944421488469676,"{'clf__C': 0.01, 'clf__penalty': 'l2'}",0.1395998521323036,0.601161497531659,0.5696853339984504,0.5700787401574803
mouse/mouse_TFBS_1,zhihan1996/DNABERT-2-117M,max,linear,768,5668,2430,2,42,4,4,roc_auc,0.6347465595690596,"{'clf__C': 0.01, 'clf__penalty': 'l2'}",0.2271624173430465,0.6507517485478163,0.6135786108935414,0.6135802469135803
mouse/mouse_TFBS_2,zhihan1996/DNABERT-2-117M,max,linear,768,47209,20233,2,42,4,4,roc_auc,0.8123491585178771,"{'clf__C': 0.01, 'clf__penalty': 'l2'}",0.4808594520254358,0.8184254893897978,0.7404208632691432,0.7404240597044432
mouse/mouse_TFBS_3,zhihan1996/DNABERT-2-117M,max,linear,768,2293,983,2,42,4,4,roc_auc,0.8133268745361888,"{'clf__C': 0.01, 'clf__penalty': 'l2'}",0.4913586481863179,0.8256296259500273,0.7456762373122713,0.745676500508647
mouse/mouse_TFBS_4,zhihan1996/DNABERT-2-117M,max,linear,768,1667,715,2,42,4,4,roc_auc,0.6734845130198749,"{'clf__C': 0.01, 'clf__penalty': 'l2'}",0.2979435985208457,0.6810165406944901,0.6489400616968795,0.6489510489510489
mouse/mouse_TFBS_5,zhihan1996/DNABERT-2-117M,max,linear,768,13180,5650,2,42,4,4,roc_auc,0.6047087120743216,"{'clf__C': 0.01, 'clf__penalty': 'l2'}",0.1546916610979517,0.608457984180437,0.5773432261703992,0.5773451327433629
prom/promoter_all_300bps,zhihan1996/DNABERT-2-117M,max,linear,768,41437,17759,2,42,4,4,roc_auc,0.9222286006621556,"{'clf__C': 0.01, 'clf__penalty': 'l2'}",0.700394633979426,0.9237588451442772,0.8501524523089313,0.8501604820091221
prom/promoter_all_70bps,zhihan1996/DNABERT-2-117M,max,linear,768,41437,17759,2,42,4,4,roc_auc,0.8115857511910143,"{'clf__C': 0.01, 'clf__penalty': 'l2'}",0.4708233300877869,0.8110446668371265,0.7352195131444333,0.7352891491638043
prom/promoter_notata_300bps,zhihan1996/DNABERT-2-117M,max,linear,768,37146,15920,2,42,4,4,roc_auc,0.9564505595408144,"{'clf__C': 0.01, 'clf__penalty': 'l2'}",0.7899579578973656,0.9574741010328024,0.8948319775999178,0.8948492462311558
prom/promoter_notata_70bps,zhihan1996/DNABERT-2-117M,max,linear,768,37146,15920,2,42,4,4,roc_auc,0.8318852930336874,"{'clf__C': 0.01, 'clf__penalty': 'l2'}",0.5012232505095809,0.8303621594151662,0.7505422860390754,0.7505653266331658
prom/promoter_tata_300bps,zhihan1996/DNABERT-2-117M,max,linear,768,4290,1840,2,42,4,4,roc_auc,0.6336669018979459,"{'clf__C': 0.01, 'clf__penalty': 'l2'}",0.2653233662702576,0.6861218100189036,0.632535324279068,0.6326086956521739
prom/promoter_tata_70bps,zhihan1996/DNABERT-2-117M,max,linear,768,4290,1840,2,42,4,4,roc_auc,0.7028455271431138,"{'clf__C': 0.01, 'clf__penalty': 'l2'}",0.2793479911082666,0.7110851843100189,0.6396738066144277,0.6396739130434783
splice/acceptors,zhihan1996/DNABERT-2-117M,max,linear,768,15525,6654,2,42,4,4,roc_auc,0.6892157371455376,"{'clf__C': 0.01, 'clf__penalty': 'l2'}",0.2614368835410747,0.680031712473573,0.6298254770467575,0.6305981364592727
splice/donors,zhihan1996/DNABERT-2-117M,max,linear,768,15381,6592,2,42,4,4,roc_auc,0.6800803339034729,"{'clf__C': 0.01, 'clf__penalty': 'l2'}",0.2706305806746349,0.6893464413270003,0.6353152318562334,0.6353155339805825
splice/splice_site_type_DNABERT,zhihan1996/DNABERT-2-117M,max,linear,768,31933,13687,3,42,4,4,accuracy,0.549870009654785,"{'clf__C': 0.01, 'clf__penalty': 'l2'}",0.1314965069245144,0.6434441608669413,0.3719494649232808,0.5567326660334624
splice/splice_site_type_NT,zhihan1996/DNABERT-2-117M,max,linear,768,20999,9001,3,42,4,4,accuracy,0.4209725662030863,"{'clf__C': 1.0, 'clf__penalty': 'l2'}",0.146284252707578,0.6140062125538718,0.4302967137640976,0.4308410176647039
tf/Human_TFBS_1,zhihan1996/DNABERT-2-117M,max,linear,768,24064,10314,2,42,4,4,roc_auc,0.7700091975476744,"{'clf__C': 0.01, 'clf__penalty': 'l2'}",0.4178982540846638,0.7768574798637125,0.7089324654290754,0.7089393057979445
tf/Human_TFBS_2,zhihan1996/DNABERT-2-117M,max,linear,768,22870,9802,2,42,4,4,roc_auc,0.7590923976654473,"{'clf__C': 0.01, 'clf__penalty': 'l2'}",0.3722016810476516,0.7550637076468703,0.6860706677854179,0.6860844725566211
tf/Human_TFBS_3,zhihan1996/DNABERT-2-117M,max,linear,768,14699,6301,2,42,4,4,roc_auc,0.7082729368457766,"{'clf__C': 0.01, 'clf__penalty': 'l2'}",0.341116833795532,0.7305457073340285,0.670497605977801,0.6705284875416601
tf/Human_TFBS_4,zhihan1996/DNABERT-2-117M,max,linear,768,20505,8789,2,42,4,4,roc_auc,0.6460447762414178,"{'clf__C': 0.01, 'clf__penalty': 'l2'}",0.2094871230031686,0.6552724446356936,0.604715376297981,0.6047331892137899
tf/Human_TFBS_5,zhihan1996/DNABERT-2-117M,max,linear,768,14699,6301,2,42,4,4,roc_auc,0.7737060484681519,"{'clf__C': 0.01, 'clf__penalty': 'l2'}",0.4172551429845601,0.7827528675703858,0.7086115073991681,0.7086176797333756
virus/covid_variants,zhihan1996/DNABERT-2-117M,max,linear,768,64168,27501,9,42,4,4,accuracy,0.4589203341229273,"{'clf__C': 0.01, 'clf__penalty': 'l2'}",0.3941727953284341,0.8069202937354165,0.464450984284358,0.4633286062325006
EMP/Yeast_H3,zhihan1996/DNABERT-2-117M,mean_max,linear,1536,10475,4490,2,42,4,4,roc_auc,0.8870405257696129,"{'clf__C': 0.01, 'clf__penalty': 'l2'}",0.6318585983726318,0.8924065912249354,0.8159291371300482,0.8160356347438753
EMP/Yeast_H3K14ac,zhihan1996/DNABERT-2-117M,mean_max,linear,1536,23133,9915,2,42,4,4,roc_auc,0.7118574330710461,"{'clf__C': 0.01, 'clf__penalty': 'l2'}",0.3331695785021046,0.7301861017659669,0.6659778202858767,0.6751386787695411
EMP/Yeast_H3K36me3,zhihan1996/DNABERT-2-117M,mean_max,linear,1536,24415,10465,2,42,4,4,roc_auc,0.7621916260937529,"{'clf__C': 0.01, 'clf__penalty': 'l2'}",0.3836053331754357,0.7617445418794886,0.6916545244120533,0.6946010511227902
EMP/Yeast_H3K4me1,zhihan1996/DNABERT-2-117M,mean_max,linear,1536,22173,9504,2,42,4,4,roc_auc,0.6864575814944781,"{'clf__C': 0.01, 'clf__penalty': 'l2'}",0.2945998495596177,0.699907225184746,0.6463378807519267,0.6521464646464646
EMP/Yeast_H3K4me2,zhihan1996/DNABERT-2-117M,mean_max,linear,1536,21478,9205,2,42,4,4,roc_auc,0.6559752534133616,"{'clf__C': 0.01, 'clf__penalty': 'l2'}",0.250109665106035,0.667357163305605,0.6204593920316727,0.6469310157523085
EMP/Yeast_H3K4me3,zhihan1996/DNABERT-2-117M,mean_max,linear,1536,25759,11040,2,42,4,4,roc_auc,0.6356327227535976,"{'clf__C': 0.01, 'clf__penalty': 'l2'}",0.1987298633714587,0.6410197547606913,0.5986641861411397,0.602626811594203
EMP/Yeast_H3K79me3,zhihan1996/DNABERT-2-117M,mean_max,linear,1536,20185,8652,2,42,4,4,roc_auc,0.8264470949146032,"{'clf__C': 0.01, 'clf__penalty': 'l2'}",0.5321441975206364,0.8352067539073189,0.7659207161426089,0.7673370319001387
EMP/Yeast_H3K9ac,zhihan1996/DNABERT-2-117M,mean_max,linear,1536,19447,8335,2,42,4,4,roc_auc,0.7564278901596169,"{'clf__C': 0.01, 'clf__penalty': 'l2'}",0.3710326765286375,0.7569430174109419,0.6854091977250362,0.6901019796040792
EMP/Yeast_H4,zhihan1996/DNABERT-2-117M,mean_max,linear,1536,10220,4381,2,42,4,4,roc_auc,0.910822575700596,"{'clf__C': 0.01, 'clf__penalty': 'l2'}",0.6887757685900044,0.9130170840151236,0.8443874789579116,0.846382104542342
EMP/Yeast_H4ac,zhihan1996/DNABERT-2-117M,mean_max,linear,1536,23866,10229,2,42,4,4,roc_auc,0.7007667216457647,"{'clf__C': 0.01, 'clf__penalty': 'l2'}",0.2942283651817349,0.7054253821999553,0.6467673057956593,0.650503470524978
deep4mc/A.thaliana_4mC,zhihan1996/DNABERT-2-117M,mean_max,linear,1536,156697,67157,2,42,4,4,roc_auc,0.5654957955668201,"{'clf__C': 0.01, 'clf__penalty': 'l2'}",0.0976987610815444,0.5700474544716346,0.5488426025498748,0.5488482213321024
deep4mc/C.elegans_4mC,zhihan1996/DNABERT-2-117M,mean_max,linear,1536,84926,36398,2,42,4,4,roc_auc,0.5756074908017125,"{'clf__C': 0.01, 'clf__penalty': 'l2'}",0.112747776707409,0.5774793010176239,0.5562523004473996,0.556349249958789
deep4mc/D.melanogaster_4mC,zhihan1996/DNABERT-2-117M,mean_max,linear,1536,126466,54200,2,42,4,4,roc_auc,0.5839641165408271,"{'clf__C': 0.01, 'clf__penalty': 'l2'}",0.1296801149892306,0.5891751473972304,0.5648134479187976,0.5648339483394834
deep4mc/E.coli_4mC,zhihan1996/DNABERT-2-117M,mean_max,linear,1536,8681,3721,2,42,4,4,roc_auc,0.5579494005060812,"{'clf__C': 0.01, 'clf__penalty': 'l2'}",0.0510672154285749,0.5909794967284226,0.4904869247128601,0.8210158559527009
deep4mc/G.pickeringii_4mC,zhihan1996/DNABERT-2-117M,mean_max,linear,1536,24053,10309,2,42,4,4,roc_auc,0.5786761718790236,"{'clf__C': 0.01, 'clf__penalty': 'l2'}",0.0381056673967574,0.5950243838849683,0.4733597870784871,0.8281113590066932
deep4mc/G.subterraneus_4mC,zhihan1996/DNABERT-2-117M,mean_max,linear,1536,63567,27243,2,42,4,4,roc_auc,0.5691121988520681,"{'clf__C': 0.01, 'clf__penalty': 'l2'}",0.0095133327423647,0.5770491043024257,0.4567015191666902,0.8325808464559703
enhancers/enhancer,zhihan1996/DNABERT-2-117M,mean_max,linear,1536,14968,400,2,42,4,4,roc_auc,0.9277737277258652,"{'clf__C': 0.01, 'clf__penalty': 'l2'}",0.4705886038624533,0.8026499999999999,0.7348342714196372,0.735
enhancers/enhancer_strength,zhihan1996/DNABERT-2-117M,mean_max,linear,1536,14968,400,3,42,4,4,accuracy,0.7463254943880278,"{'clf__C': 0.01, 'clf__penalty': 'l2'}",0.2980787972111524,0.7068194444444443,0.4877266677407603,0.56
genomic_benchmark/coding,zhihan1996/DNABERT-2-117M,mean_max,linear,1536,75000,25000,2,42,4,4,roc_auc,0.9417178510222222,"{'clf__C': 0.01, 'clf__penalty': 'l2'}",0.7412281814382038,0.9424955712,0.8705975401109984,0.8706
genomic_benchmark/enhancer_cohn,zhihan1996/DNABERT-2-117M,mean_max,linear,1536,20843,6948,2,42,4,4,roc_auc,0.7887288148333084,"{'clf__C': 0.01, 'clf__penalty': 'l2'}",0.4283349194169045,0.7925378889946171,0.7141589383033495,0.7141623488773747
genomic_benchmark/enhancer_ensembl,zhihan1996/DNABERT-2-117M,mean_max,linear,1536,123872,30970,2,42,4,4,roc_auc,0.788679044867508,"{'clf__C': 0.01, 'clf__penalty': 'l2'}",0.4452984377462737,0.7895409652533846,0.7224161839511191,0.7225056506296416
genomic_benchmark/human_vs_worm,zhihan1996/DNABERT-2-117M,mean_max,linear,1536,75000,25000,2,42,4,4,roc_auc,0.9746461781333334,"{'clf__C': 0.01, 'clf__penalty': 'l2'}",0.8439219687034649,0.9764047488,0.9219599089740378,0.92196
genomic_benchmark/open_chromatin_region,zhihan1996/DNABERT-2-117M,mean_max,linear,1536,139804,34952,2,42,4,4,roc_auc,0.7129813091716872,"{'clf__C': 0.01, 'clf__penalty': 'l2'}",0.3112301801522769,0.7138821806878095,0.6553704366111908,0.655498970016022
genomic_benchmark/promoter_notata_251bps,zhihan1996/DNABERT-2-117M,mean_max,linear,1536,27097,9034,2,42,4,4,roc_auc,0.8916458511807661,"{'clf__C': 0.01, 'clf__penalty': 'l2'}",0.6429951524567219,0.894952478119782,0.820894290300841,0.8215629842816028
genomic_benchmark/regulatory_region_type,zhihan1996/DNABERT-2-117M,mean_max,linear,1536,150000,57713,3,42,4,4,accuracy,0.6507933333333333,"{'clf__C': 0.01, 'clf__penalty': 'l2'}",0.4765894123269122,0.8333629898681432,0.6542783198610554,0.652695233309653
iDHS-EL/DNase_I,zhihan1996/DNABERT-2-117M,mean_max,linear,1536,711,306,2,42,4,4,roc_auc,0.811499490784686,"{'clf__C': 0.01, 'clf__penalty': 'l2'}",0.5676466416025993,0.8273273273273273,0.7792207792207793,0.8366013071895425
iDNA_ABF/5mC,zhihan1996/DNABERT-2-117M,mean_max,linear,1536,3281,1407,2,42,4,4,roc_auc,0.5992430462981859,"{'clf__C': 0.01, 'clf__penalty': 'l2'}",0.1528724158964235,0.6042447950342688,0.5763418478700186,0.5764036958066808
iDNA_ABF/6mA,zhihan1996/DNABERT-2-117M,mean_max,linear,1536,25668,11002,2,42,4,4,roc_auc,0.7099725342883054,"{'clf__C': 0.01, 'clf__penalty': 'l2'}",0.2849206527999195,0.7029666996144641,0.642388895074655,0.6424286493364842
iPro-WAEL/Promoter_Arabidopsis_NonTATA,zhihan1996/DNABERT-2-117M,mean_max,linear,1536,8267,3543,2,42,4,4,roc_auc,0.9418688241581796,"{'clf__C': 0.01, 'clf__penalty': 'l2'}",0.7533439749898102,0.9420816694346972,0.876656273379022,0.8766581992661586
iPro-WAEL/Promoter_Arabidopsis_TATA,zhihan1996/DNABERT-2-117M,mean_max,linear,1536,3063,1313,2,42,4,4,roc_auc,0.9221832498586574,"{'clf__C': 0.01, 'clf__penalty': 'l2'}",0.7336244922230764,0.9414052833457066,0.8667968924164287,0.8804265041888805
iPro-WAEL/Promoter_B_amyloliquefaciens,zhihan1996/DNABERT-2-117M,mean_max,linear,1536,1483,636,2,42,4,4,roc_auc,0.7910314836759643,"{'clf__C': 0.01, 'clf__penalty': 'l2'}",0.4056506282493135,0.7679360778457918,0.7028235765302717,0.7028301886792453
iPro-WAEL/Promoter_GM12878,zhihan1996/DNABERT-2-117M,mean_max,linear,1536,10992,2750,2,42,4,4,roc_auc,0.9714676705461588,"{'clf__C': 0.01, 'clf__penalty': 'l2'}",0.8661900649231813,0.9757069752066116,0.9330905905800014,0.9330909090909092
iPro-WAEL/Promoter_HUVEC,zhihan1996/DNABERT-2-117M,mean_max,linear,1536,11928,2982,2,42,4,4,roc_auc,0.9787093902561356,"{'clf__C': 0.01, 'clf__penalty': 'l2'}",0.8853359655157754,0.979986334281117,0.9426551553085328,0.942655935613682
iPro-WAEL/Promoter_Hela-S3,zhihan1996/DNABERT-2-117M,mean_max,linear,1536,11736,2936,2,42,4,4,roc_auc,0.9747630093365096,"{'clf__C': 0.01, 'clf__penalty': 'l2'}",0.8712778665346034,0.9760513107974668,0.9356257993787684,0.9356267029972752
iPro-WAEL/Promoter_NHEK,zhihan1996/DNABERT-2-117M,mean_max,linear,1536,8170,2044,2,42,4,4,roc_auc,0.9252573133654154,"{'clf__C': 0.01, 'clf__penalty': 'l2'}",0.7172379591607889,0.9278026279004752,0.8586089092404845,0.8586105675146771
iPro-WAEL/Promoter_R_capsulatus,zhihan1996/DNABERT-2-117M,mean_max,linear,1536,7406,3175,2,42,4,4,roc_auc,0.5947387300474172,"{'clf__C': 0.01, 'clf__penalty': 'l2'}",0.1304495205649518,0.5988463611517495,0.565223862824482,0.5653543307086614
mouse/mouse_TFBS_1,zhihan1996/DNABERT-2-117M,mean_max,linear,1536,5668,2430,2,42,4,4,roc_auc,0.6514770744184935,"{'clf__C': 0.01, 'clf__penalty': 'l2'}",0.2487013111099532,0.6772714186523058,0.6241728453577615,0.6242798353909464
mouse/mouse_TFBS_2,zhihan1996/DNABERT-2-117M,mean_max,linear,1536,47209,20233,2,42,4,4,roc_auc,0.853937446853318,"{'clf__C': 0.01, 'clf__penalty': 'l2'}",0.5530556878527619,0.8573387491302337,0.776493781218299,0.7765037315277022
mouse/mouse_TFBS_3,zhihan1996/DNABERT-2-117M,mean_max,linear,1536,2293,983,2,42,4,4,roc_auc,0.841685541024795,"{'clf__C': 0.01, 'clf__penalty': 'l2'}",0.5483236674002637,0.8574296690013743,0.7741586289688289,0.7741607324516785
mouse/mouse_TFBS_4,zhihan1996/DNABERT-2-117M,mean_max,linear,1536,1667,715,2,42,4,4,roc_auc,0.7047829526874948,"{'clf__C': 0.01, 'clf__penalty': 'l2'}",0.3090934697901507,0.7081670657089651,0.6545454545454545,0.6545454545454545
mouse/mouse_TFBS_5,zhihan1996/DNABERT-2-117M,mean_max,linear,1536,13180,5650,2,42,4,4,roc_auc,0.6257042445517299,"{'clf__C': 0.01, 'clf__penalty': 'l2'}",0.1755761122531868,0.6252208317017778,0.5877865646710545,0.587787610619469
prom/promoter_all_300bps,zhihan1996/DNABERT-2-117M,mean_max,linear,1536,41437,17759,2,42,4,4,roc_auc,0.9407352526061892,"{'clf__C': 0.01, 'clf__penalty': 'l2'}",0.7512286910579329,0.9410480582790248,0.8756120105974237,0.875612365561124
prom/promoter_all_70bps,zhihan1996/DNABERT-2-117M,mean_max,linear,1536,41437,17759,2,42,4,4,roc_auc,0.824702891049949,"{'clf__C': 0.01, 'clf__penalty': 'l2'}",0.4913942028889818,0.825548103430607,0.7455396603396603,0.7455937834337519
prom/promoter_notata_300bps,zhihan1996/DNABERT-2-117M,mean_max,linear,1536,37146,15920,2,42,4,4,roc_auc,0.9753818796573824,"{'clf__C': 0.01, 'clf__penalty': 'l2'}",0.8540438847737064,0.9774683246635186,0.926872648858157,0.9268844221105528
prom/promoter_notata_70bps,zhihan1996/DNABERT-2-117M,mean_max,linear,1536,37146,15920,2,42,4,4,roc_auc,0.8467133735561918,"{'clf__C': 0.01, 'clf__penalty': 'l2'}",0.5342421063681946,0.8474672672407262,0.7670698951779489,0.7670854271356784
prom/promoter_tata_300bps,zhihan1996/DNABERT-2-117M,mean_max,linear,1536,4290,1840,2,42,4,4,roc_auc,0.6713450190536623,"{'clf__C': 0.01, 'clf__penalty': 'l2'}",0.3133108542068255,0.7059634924385634,0.6563751789220118,0.6565217391304348
prom/promoter_tata_70bps,zhihan1996/DNABERT-2-117M,mean_max,linear,1536,4290,1840,2,42,4,4,roc_auc,0.7195168926341464,"{'clf__C': 0.01, 'clf__penalty': 'l2'}",0.3434790724940413,0.7319500236294897,0.6717387426024841,0.6717391304347826
splice/acceptors,zhihan1996/DNABERT-2-117M,mean_max,linear,1536,15525,6654,2,42,4,4,roc_auc,0.7507295756732731,"{'clf__C': 0.01, 'clf__penalty': 'l2'}",0.3698626657285362,0.7472863699607886,0.6845094669625442,0.6848512173128944
splice/donors,zhihan1996/DNABERT-2-117M,mean_max,linear,1536,15381,6592,2,42,4,4,roc_auc,0.7465629246117192,"{'clf__C': 0.01, 'clf__penalty': 'l2'}",0.3735648636493907,0.7518794874627195,0.6867196964408935,0.6867415048543689
splice/splice_site_type_DNABERT,zhihan1996/DNABERT-2-117M,mean_max,linear,1536,31933,13687,3,42,4,4,accuracy,0.5534400019505377,"{'clf__C': 0.01, 'clf__penalty': 'l2'}",0.1716978655849228,0.6720629354252251,0.4105747063471728,0.5583400306860524
splice/splice_site_type_NT,zhihan1996/DNABERT-2-117M,mean_max,linear,1536,20999,9001,3,42,4,4,accuracy,0.4341162851881084,"{'clf__C': 0.01, 'clf__penalty': 'l2'}",0.1746140479894564,0.6316990996119725,0.4492219822837953,0.4497278080213309
tf/Human_TFBS_1,zhihan1996/DNABERT-2-117M,mean_max,linear,1536,24064,10314,2,42,4,4,roc_auc,0.7845540493524361,"{'clf__C': 0.01, 'clf__penalty': 'l2'}",0.4533643676471227,0.7970369904111162,0.7266821769924674,0.7266821795617607
tf/Human_TFBS_2,zhihan1996/DNABERT-2-117M,mean_max,linear,1536,22870,9802,2,42,4,4,roc_auc,0.7731463143544375,"{'clf__C': 0.01, 'clf__penalty': 'l2'}",0.4146103077188361,0.7752497616445698,0.7073042630933519,0.7073046317078148
tf/Human_TFBS_3,zhihan1996/DNABERT-2-117M,mean_max,linear,1536,14699,6301,2,42,4,4,roc_auc,0.7223046363345347,"{'clf__C': 0.01, 'clf__penalty': 'l2'}",0.3663481909058729,0.7458803201805423,0.6829695598954522,0.6830661799714332
tf/Human_TFBS_4,zhihan1996/DNABERT-2-117M,mean_max,linear,1536,20505,8789,2,42,4,4,roc_auc,0.668340817730229,"{'clf__C': 0.01, 'clf__penalty': 'l2'}",0.251155741814993,0.6728348668652,0.6255220738086611,0.625554670610991
tf/Human_TFBS_5,zhihan1996/DNABERT-2-117M,mean_max,linear,1536,14699,6301,2,42,4,4,roc_auc,0.8034322971249379,"{'clf__C': 0.01, 'clf__penalty': 'l2'}",0.4706530141246332,0.8082621289285841,0.7352553019127995,0.7352801142675766
virus/covid_variants,zhihan1996/DNABERT-2-117M,mean_max,linear,1536,64168,27501,9,42,4,4,accuracy,0.5431367659892781,"{'clf__C': 0.1, 'clf__penalty': 'l2'}",0.4936488127421919,0.8656750959770929,0.5521763928934902,0.5513981309770554
genomic_benchmark/open_chromatin_region,InstaDeepAI/NTv3_650M_pre,mean_max,linear,3072,139804,34952,2,42,4,4,roc_auc,0.770476907467785,"{'clf__C': 0.01, 'clf__penalty': 'l2'}",0.4020102822649795,0.7713184104010858,0.7005793482926534,0.7007610437170977
genomic_benchmark/promoter_notata_251bps,InstaDeepAI/NTv3_650M_pre,mean_max,linear,3072,27097,9034,2,42,4,4,roc_auc,0.9386211137492148,"{'clf__C': 0.01, 'clf__penalty': 'l2'}",0.746941120224846,0.938756925514766,0.8724431323948181,0.8728138144786363
genomic_benchmark/regulatory_region_type,InstaDeepAI/NTv3_650M_pre,mean_max,linear,3072,150000,57713,3,42,4,4,accuracy,0.7006666666666665,"{'clf__C': 0.01, 'clf__penalty': 'l2'}",0.5327013269599186,0.8578289430466874,0.6926958139870959,0.6899312113388665
iDHS-EL/DNase_I,InstaDeepAI/NTv3_650M_pre,mean_max,linear,3072,711,306,2,42,4,4,roc_auc,0.8435052800189844,"{'clf__C': 0.01, 'clf__penalty': 'l2'}",0.6672547050093839,0.875053625053625,0.8334059233449478,0.869281045751634
iDNA_ABF/5mC,InstaDeepAI/NTv3_650M_pre,mean_max,linear,3072,3281,1407,2,42,4,4,roc_auc,0.7825754351988954,"{'clf__C': 0.01, 'clf__penalty': 'l2'}",0.4701544573076486,0.8193395997672313,0.7348063869491903,0.7348969438521677
iDNA_ABF/6mA,InstaDeepAI/NTv3_650M_pre,mean_max,linear,3072,25668,11002,2,42,4,4,roc_auc,0.8687223225241664,"{'clf__C': 0.01, 'clf__penalty': 'l2'}",0.5837259796919859,0.8736985600707656,0.7918535430843499,0.7918560261770587
iPro-WAEL/Promoter_Arabidopsis_NonTATA,InstaDeepAI/NTv3_650M_pre,mean_max,linear,3072,8267,3543,2,42,4,4,roc_auc,0.9836373215017896,"{'clf__C': 0.01, 'clf__penalty': 'l2'}",0.8851426461181657,0.9864368627740892,0.9424123866289577,0.9424216765453006
iPro-WAEL/Promoter_Arabidopsis_TATA,InstaDeepAI/NTv3_650M_pre,mean_max,linear,3072,3063,1313,2,42,4,4,roc_auc,0.975859872420632,"{'clf__C': 0.01, 'clf__penalty': 'l2'}",0.8504128605607232,0.9763208364266268,0.9251278068983368,0.9322162985529322
iPro-WAEL/Promoter_B_amyloliquefaciens,InstaDeepAI/NTv3_650M_pre,mean_max,linear,3072,1483,636,2,42,4,4,roc_auc,0.9090355565597398,"{'clf__C': 0.01, 'clf__penalty': 'l2'}",0.6354948034254955,0.9062033365307596,0.8175451092117758,0.8176100628930818
iPro-WAEL/Promoter_GM12878,InstaDeepAI/NTv3_650M_pre,mean_max,linear,3072,10992,2750,2,42,4,4,roc_auc,0.9872425413533517,"{'clf__C': 0.01, 'clf__penalty': 'l2'}",0.8967310671675849,0.987450181818182,0.9483635271162226,0.9483636363636364
iPro-WAEL/Promoter_HUVEC,InstaDeepAI/NTv3_650M_pre,mean_max,linear,3072,11928,2982,2,42,4,4,roc_auc,0.992899381534006,"{'clf__C': 0.01, 'clf__penalty': 'l2'}",0.9275862552171236,0.9935341987089088,0.9637822888852102,0.9637826961770624
iPro-WAEL/Promoter_Hela-S3,InstaDeepAI/NTv3_650M_pre,mean_max,linear,3072,11736,2936,2,42,4,4,roc_auc,0.9901101906101468,"{'clf__C': 0.01, 'clf__penalty': 'l2'}",0.9148758207630746,0.9916103022518544,0.9574244704886036,0.957425068119891
iPro-WAEL/Promoter_NHEK,InstaDeepAI/NTv3_650M_pre,mean_max,linear,3072,8170,2044,2,42,4,4,roc_auc,0.9775753624943876,"{'clf__C': 0.01, 'clf__penalty': 'l2'}",0.8532698102716024,0.975158068481662,0.9266127248652172,0.926614481409002
iPro-WAEL/Promoter_R_capsulatus,InstaDeepAI/NTv3_650M_pre,mean_max,linear,3072,7406,3175,2,42,4,4,roc_auc,0.7624568577452601,"{'clf__C': 0.01, 'clf__penalty': 'l2'}",0.3830225069329067,0.7677052565066327,0.6913594957254086,0.6916535433070866
mouse/mouse_TFBS_1,InstaDeepAI/NTv3_650M_pre,mean_max,linear,3072,5668,2430,2,42,4,4,roc_auc,0.8655467834859314,"{'clf__C': 0.01, 'clf__penalty': 'l2'}",0.5705781164148367,0.867599451303155,0.78457925160999,0.7847736625514403
mouse/mouse_TFBS_2,InstaDeepAI/NTv3_650M_pre,mean_max,linear,3072,47209,20233,2,42,4,4,roc_auc,0.9676174583961488,"{'clf__C': 0.01, 'clf__penalty': 'l2'}",0.8206662650952449,0.9712489661783548,0.9100713704218252,0.9100973656897148
mouse/mouse_TFBS_3,InstaDeepAI/NTv3_650M_pre,mean_max,linear,3072,2293,983,2,42,4,4,roc_auc,0.9558766847158112,"{'clf__C': 0.01, 'clf__penalty': 'l2'}",0.7928851967842138,0.9682496315798188,0.8962049689440994,0.896236012207528
mouse/mouse_TFBS_4,InstaDeepAI/NTv3_650M_pre,mean_max,linear,3072,1667,715,2,42,4,4,roc_auc,0.896820521962855,"{'clf__C': 0.01, 'clf__penalty': 'l2'}",0.6471496762537878,0.8946293601239379,0.822021125007595,0.8223776223776224
mouse/mouse_TFBS_5,InstaDeepAI/NTv3_650M_pre,mean_max,linear,3072,13180,5650,2,42,4,4,roc_auc,0.8044235694790765,"{'clf__C': 0.01, 'clf__penalty': 'l2'}",0.444453782888267,0.7986756676325476,0.7220594988504503,0.7221238938053097
prom/promoter_all_300bps,InstaDeepAI/NTv3_650M_pre,mean_max,linear,3072,41437,17759,2,42,4,4,roc_auc,0.9722978127373376,"{'clf__C': 0.01, 'clf__penalty': 'l2'}",0.8335797994022573,0.9715474322447236,0.9167731087700473,0.9167745931640296
prom/promoter_all_70bps,InstaDeepAI/NTv3_650M_pre,mean_max,linear,3072,41437,17759,2,42,4,4,roc_auc,0.8898640408147419,"{'clf__C': 0.01, 'clf__penalty': 'l2'}",0.6170023549057223,0.8921475246786374,0.808414368924709,0.808435159637367
prom/promoter_notata_300bps,InstaDeepAI/NTv3_650M_pre,mean_max,linear,3072,37146,15920,2,42,4,4,roc_auc,0.993696159672954,"{'clf__C': 0.01, 'clf__penalty': 'l2'}",0.931961441180574,0.9945682242872654,0.9659538260168476,0.9659547738693468
prom/promoter_notata_70bps,InstaDeepAI/NTv3_650M_pre,mean_max,linear,3072,37146,15920,2,42,4,4,roc_auc,0.910928440815203,"{'clf__C': 0.01, 'clf__penalty': 'l2'}",0.664752006011292,0.9133398146511452,0.8323424981606515,0.8323492462311558
prom/promoter_tata_300bps,InstaDeepAI/NTv3_650M_pre,mean_max,linear,3072,4290,1840,2,42,4,4,roc_auc,0.8727244698905519,"{'clf__C': 0.01, 'clf__penalty': 'l2'}",0.6066134834569511,0.8777995037807184,0.8032459921355112,0.8032608695652174
prom/promoter_tata_70bps,InstaDeepAI/NTv3_650M_pre,mean_max,linear,3072,4290,1840,2,42,4,4,roc_auc,0.8462054521244877,"{'clf__C': 0.01, 'clf__penalty': 'l2'}",0.5436954226849542,0.856282490548204,0.771693544670427,0.7717391304347826
splice/acceptors,InstaDeepAI/NTv3_650M_pre,mean_max,linear,3072,15525,6654,2,42,4,4,roc_auc,0.9551793220197108,"{'clf__C': 0.01, 'clf__penalty': 'l2'}",0.8026252838894012,0.9469777380242498,0.9006949481332783,0.9008115419296664
splice/donors,InstaDeepAI/NTv3_650M_pre,mean_max,linear,3072,15381,6592,2,42,4,4,roc_auc,0.9486055578607148,"{'clf__C': 0.01, 'clf__penalty': 'l2'}",0.7965793833671015,0.9528462940461724,0.8982023402567685,0.8982099514563107
splice/splice_site_type_DNABERT,InstaDeepAI/NTv3_650M_pre,mean_max,linear,3072,31933,13687,3,42,4,4,accuracy,0.7632544189280477,"{'clf__C': 0.01, 'clf__penalty': 'l2'}",0.6096918585129518,0.8848006057867274,0.7356066507681414,0.7746036384890772
splice/splice_site_type_NT,InstaDeepAI/NTv3_650M_pre,mean_max,linear,3072,20999,9001,3,42,4,4,accuracy,0.714272405628283,"{'clf__C': 0.01, 'clf__penalty': 'l2'}",0.5953317323008769,0.8778016592955687,0.7303250690387081,0.7301410954338406
tf/Human_TFBS_1,InstaDeepAI/NTv3_650M_pre,mean_max,linear,3072,24064,10314,2,42,4,4,roc_auc,0.8669007812057916,"{'clf__C': 0.01, 'clf__penalty': 'l2'}",0.5860216869588508,0.8759891134491001,0.792864686312007,0.7929028504944735
tf/Human_TFBS_2,InstaDeepAI/NTv3_650M_pre,mean_max,linear,3072,22870,9802,2,42,4,4,roc_auc,0.8483726638595042,"{'clf__C': 0.01, 'clf__penalty': 'l2'}",0.5447864037990587,0.8585306347875238,0.7722488052622427,0.7722913691083453
tf/Human_TFBS_3,InstaDeepAI/NTv3_650M_pre,mean_max,linear,3072,14699,6301,2,42,4,4,roc_auc,0.8301777920981724,"{'clf__C': 0.01, 'clf__penalty': 'l2'}",0.5181717066388599,0.83842750852589,0.75908585331943,0.7590858593873988
tf/Human_TFBS_4,InstaDeepAI/NTv3_650M_pre,mean_max,linear,3072,20505,8789,2,42,4,4,roc_auc,0.7565023946765712,"{'clf__C': 0.01, 'clf__penalty': 'l2'}",0.3902300340976158,0.7694783402540335,0.6950421162475757,0.6950733871885311
tf/Human_TFBS_5,InstaDeepAI/NTv3_650M_pre,mean_max,linear,3072,14699,6301,2,42,4,4,roc_auc,0.8950644226968514,"{'clf__C': 0.01, 'clf__penalty': 'l2'}",0.6423410585235418,0.8944254532448755,0.8209291582164207,0.8209807966989366
virus/covid_variants,InstaDeepAI/NTv3_650M_pre,mean_max,linear,3072,64168,27501,9,42,4,4,accuracy,0.5700816606408179,"{'clf__C': 0.1, 'clf__penalty': 'l2'}",0.5341060580080513,0.8819877647337547,0.5883337463977617,0.5871422857350642
EMP/Yeast_H3,InstaDeepAI/NTv3_650M_pre,cls,linear,1536,10475,4490,2,42,4,4,roc_auc,0.7861298412473458,"{'clf__C': 0.01, 'clf__penalty': 'l2'}",0.4379190932321214,0.7875233273774072,0.7188773550008494,0.7189309576837416
EMP/Yeast_H3K14ac,InstaDeepAI/NTv3_650M_pre,cls,linear,1536,23133,9915,2,42,4,4,roc_auc,0.7329872490470093,"{'clf__C': 0.01, 'clf__penalty': 'l2'}",0.3540424531422815,0.7373345981337422,0.6764980321481298,0.6851235501765003
EMP/Yeast_H3K36me3,InstaDeepAI/NTv3_650M_pre,cls,linear,1536,24415,10465,2,42,4,4,roc_auc,0.763446369098747,"{'clf__C': 0.01, 'clf__penalty': 'l2'}",0.4239036929840456,0.7710090360227201,0.711840357444753,0.7144768275203058
EMP/Yeast_H3K4me1,InstaDeepAI/NTv3_650M_pre,cls,linear,1536,22173,9504,2,42,4,4,roc_auc,0.6789108622627029,"{'clf__C': 0.01, 'clf__penalty': 'l2'}",0.2979243244999253,0.6912743902221239,0.6487797798423298,0.6527777777777778
EMP/Yeast_H3K4me2,InstaDeepAI/NTv3_650M_pre,cls,linear,1536,21478,9205,2,42,4,4,roc_auc,0.6126681006786656,"{'clf__C': 0.01, 'clf__penalty': 'l2'}",0.1775361242637518,0.6274686878649477,0.5836010550043285,0.6143400325909831
EMP/Yeast_H3K4me3,InstaDeepAI/NTv3_650M_pre,cls,linear,1536,25759,11040,2,42,4,4,roc_auc,0.6385360738847562,"{'clf__C': 0.01, 'clf__penalty': 'l2'}",0.2134403680051127,0.6470983809897133,0.6050135324799988,0.6105072463768116
EMP/Yeast_H3K79me3,InstaDeepAI/NTv3_650M_pre,cls,linear,1536,20185,8652,2,42,4,4,roc_auc,0.7767774050474383,"{'clf__C': 0.01, 'clf__penalty': 'l2'}",0.4529156866369642,0.7872296532371861,0.7260076928682224,0.7281553398058253
EMP/Yeast_H3K9ac,InstaDeepAI/NTv3_650M_pre,cls,linear,1536,19447,8335,2,42,4,4,roc_auc,0.7296077533119146,"{'clf__C': 0.01, 'clf__penalty': 'l2'}",0.3431450075827391,0.7343696947621476,0.6709449896905376,0.6773845230953809
EMP/Yeast_H4,InstaDeepAI/NTv3_650M_pre,cls,linear,1536,10220,4381,2,42,4,4,roc_auc,0.8255217157105499,"{'clf__C': 0.01, 'clf__penalty': 'l2'}",0.5419222354192347,0.838872509038469,0.7708023918916973,0.7744807121661721
EMP/Yeast_H4ac,InstaDeepAI/NTv3_650M_pre,cls,linear,1536,23866,10229,2,42,4,4,roc_auc,0.6916500815519364,"{'clf__C': 0.01, 'clf__penalty': 'l2'}",0.3094143189212284,0.7075804546132045,0.6542603966257394,0.6581288493498876
deep4mc/A.thaliana_4mC,InstaDeepAI/NTv3_650M_pre,cls,linear,1536,156697,67157,2,42,4,4,roc_auc,0.6427257214230502,"{'clf__C': 10.0, 'clf__penalty': 'l2'}",0.2210579022219623,0.650855843277856,0.6105167674422802,0.6105245916285719
deep4mc/C.elegans_4mC,InstaDeepAI/NTv3_650M_pre,cls,linear,1536,84926,36398,2,42,4,4,roc_auc,0.6281618695492561,"{'clf__C': 10.0, 'clf__penalty': 'l2'}",0.1868814513980494,0.6295301632303206,0.5934358807005284,0.5934391999560416
deep4mc/D.melanogaster_4mC,InstaDeepAI/NTv3_650M_pre,cls,linear,1536,126466,54200,2,42,4,4,roc_auc,0.6666469832538294,"{'clf__C': 1.0, 'clf__penalty': 'l2'}",0.2485241478409772,0.6722068245258098,0.6242618697034548,0.6242619926199262
deep4mc/E.coli_4mC,InstaDeepAI/NTv3_650M_pre,cls,linear,1536,8681,3721,2,42,4,4,roc_auc,0.5937302318109573,"{'clf__C': 0.01, 'clf__penalty': 'l2'}",0.0738889488816061,0.6277886425814774,0.5035805070867199,0.820478366030637
deep4mc/G.pickeringii_4mC,InstaDeepAI/NTv3_650M_pre,cls,linear,1536,24053,10309,2,42,4,4,roc_auc,0.6381251005758924,"{'clf__C': 0.01, 'clf__penalty': 'l2'}",0.0791017367812554,0.6340003189844965,0.4981777941806804,0.8255892909108546
deep4mc/G.subterraneus_4mC,InstaDeepAI/NTv3_650M_pre,cls,linear,1536,63567,27243,2,42,4,4,roc_auc,0.6134324394941091,"{'clf__C': 0.1, 'clf__penalty': 'l2'}",0.0480806094208461,0.6286640299240469,0.4696884222483125,0.8315163528245788
enhancers/enhancer,InstaDeepAI/NTv3_650M_pre,cls,linear,1536,14968,400,2,42,4,4,roc_auc,0.8615579261055333,"{'clf__C': 0.01, 'clf__penalty': 'l2'}",0.3700740222074026,0.75045,0.684968496849685,0.685
enhancers/enhancer_strength,InstaDeepAI/NTv3_650M_pre,cls,linear,1536,14968,400,3,42,4,4,accuracy,0.6564671298770711,"{'clf__C': 0.01, 'clf__penalty': 'l2'}",0.2806193047409447,0.7007138888888887,0.4894431891874347,0.555
genomic_benchmark/coding,InstaDeepAI/NTv3_650M_pre,cls,linear,1536,75000,25000,2,42,4,4,roc_auc,0.9518129038222224,"{'clf__C': 0.01, 'clf__penalty': 'l2'}",0.776519284196659,0.9523661824,0.8879167661790515,0.88796
genomic_benchmark/enhancer_cohn,InstaDeepAI/NTv3_650M_pre,cls,linear,1536,20843,6948,2,42,4,4,roc_auc,0.7448228355873228,"{'clf__C': 0.01, 'clf__penalty': 'l2'}",0.3739608522338762,0.7541048413264222,0.6869434091156128,0.6869602763385146
genomic_benchmark/enhancer_ensembl,InstaDeepAI/NTv3_650M_pre,cls,linear,1536,123872,30970,2,42,4,4,roc_auc,0.841208734893115,"{'clf__C': 0.01, 'clf__penalty': 'l2'}",0.5218438769566301,0.8430914540293298,0.7606981374765074,0.7607684856312561
genomic_benchmark/human_vs_worm,InstaDeepAI/NTv3_650M_pre,cls,linear,1536,75000,25000,2,42,4,4,roc_auc,0.958634055111111,"{'clf__C': 0.01, 'clf__penalty': 'l2'}",0.7756825417607174,0.9587977408,0.8878398162367549,0.88784
genomic_benchmark/open_chromatin_region,InstaDeepAI/NTv3_650M_pre,cls,linear,1536,139804,34952,2,42,4,4,roc_auc,0.6650580997082121,"{'clf__C': 0.01, 'clf__penalty': 'l2'}",0.2293675098262995,0.6624928862974281,0.6144976767841126,0.614614328221561
genomic_benchmark/promoter_notata_251bps,InstaDeepAI/NTv3_650M_pre,cls,linear,1536,27097,9034,2,42,4,4,roc_auc,0.8727749060288239,"{'clf__C': 0.01, 'clf__penalty': 'l2'}",0.592039060110418,0.87497582722747,0.7948264428927114,0.795328758025238
genomic_benchmark/regulatory_region_type,InstaDeepAI/NTv3_650M_pre,cls,linear,1536,150000,57713,3,42,4,4,accuracy,0.5605466666666666,"{'clf__C': 10.0, 'clf__penalty': 'l2'}",0.3336398872794143,0.7478959032874609,0.5502774316543768,0.5587129416249372
iDNA_ABF/5mC,InstaDeepAI/NTv3_650M_pre,cls,linear,1536,3281,1407,2,42,4,4,roc_auc,0.6811356096692532,"{'clf__C': 0.01, 'clf__penalty': 'l2'}",0.3349655621366953,0.7277839292641924,0.6672884918549659,0.6673773987206824
iDNA_ABF/6mA,InstaDeepAI/NTv3_650M_pre,cls,linear,1536,25668,11002,2,42,4,4,roc_auc,0.792111861103707,"{'clf__C': 0.01, 'clf__penalty': 'l2'}",0.4506624937184034,0.7945901062559034,0.7253174401879683,0.725322668605708
iPro-WAEL/Promoter_Arabidopsis_NonTATA,InstaDeepAI/NTv3_650M_pre,cls,linear,1536,8267,3543,2,42,4,4,roc_auc,0.9272533240358298,"{'clf__C': 0.01, 'clf__penalty': 'l2'}",0.7083676144284484,0.9238458077402036,0.8540579559456414,0.8540784645780413
iPro-WAEL/Promoter_Arabidopsis_TATA,InstaDeepAI/NTv3_650M_pre,cls,linear,1536,3063,1313,2,42,4,4,roc_auc,0.8956431801773871,"{'clf__C': 0.01, 'clf__penalty': 'l2'}",0.5826696642848269,0.8924487544337211,0.7907882545721362,0.814927646610815
iPro-WAEL/Promoter_B_amyloliquefaciens,InstaDeepAI/NTv3_650M_pre,cls,linear,1536,1483,636,2,42,4,4,roc_auc,0.8803236098439156,"{'clf__C': 0.01, 'clf__penalty': 'l2'}",0.5288926836667555,0.8438436359680784,0.7639618776164603,0.7641509433962265
iPro-WAEL/Promoter_GM12878,InstaDeepAI/NTv3_650M_pre,cls,linear,1536,10992,2750,2,42,4,4,roc_auc,0.8577180121999538,"{'clf__C': 0.01, 'clf__penalty': 'l2'}",0.6196404604463396,0.8739258181818181,0.8098175531158781,0.8098181818181818
iPro-WAEL/Promoter_HUVEC,InstaDeepAI/NTv3_650M_pre,cls,linear,1536,11928,2982,2,42,4,4,roc_auc,0.9101933307873172,"{'clf__C': 0.01, 'clf__penalty': 'l2'}",0.7129853859382026,0.9202701116153662,0.8564680342075657,0.8564721663313213
iPro-WAEL/Promoter_Hela-S3,InstaDeepAI/NTv3_650M_pre,cls,linear,1536,11736,2936,2,42,4,4,roc_auc,0.9127570932243044,"{'clf__C': 0.01, 'clf__penalty': 'l2'}",0.7146653775522502,0.9199178292213914,0.8572800698689389,0.8572888283378747
iPro-WAEL/Promoter_NHEK,InstaDeepAI/NTv3_650M_pre,cls,linear,1536,8170,2044,2,42,4,4,roc_auc,0.8999019079392407,"{'clf__C': 0.01, 'clf__penalty': 'l2'}",0.6692964351909856,0.9067683181360364,0.8346354316264357,0.8346379647749511
iPro-WAEL/Promoter_R_capsulatus,InstaDeepAI/NTv3_650M_pre,cls,linear,1536,7406,3175,2,42,4,4,roc_auc,0.7191775286463387,"{'clf__C': 0.01, 'clf__penalty': 'l2'}",0.3098602526668047,0.7224547192981481,0.6547332713037504,0.6551181102362205
mouse/mouse_TFBS_1,InstaDeepAI/NTv3_650M_pre,cls,linear,1536,5668,2430,2,42,4,4,roc_auc,0.7033450072912433,"{'clf__C': 0.01, 'clf__penalty': 'l2'}",0.3302577821242342,0.7343670510931599,0.6649107126521524,0.6650205761316872
mouse/mouse_TFBS_2,InstaDeepAI/NTv3_650M_pre,cls,linear,1536,47209,20233,2,42,4,4,roc_auc,0.8604136194654909,"{'clf__C': 0.01, 'clf__penalty': 'l2'}",0.5618721736104288,0.8674615832247873,0.780751503117284,0.7808036376217071
mouse/mouse_TFBS_3,InstaDeepAI/NTv3_650M_pre,cls,linear,1536,2293,983,2,42,4,4,roc_auc,0.8330556373175563,"{'clf__C': 0.01, 'clf__penalty': 'l2'}",0.4710931443758429,0.8445225440034442,0.7354704357834247,0.7355035605289929
mouse/mouse_TFBS_4,InstaDeepAI/NTv3_650M_pre,cls,linear,1536,1667,715,2,42,4,4,roc_auc,0.6621209596008748,"{'clf__C': 0.01, 'clf__penalty': 'l2'}",0.1861000308666147,0.6386085160321111,0.5929560353782859,0.593006993006993
mouse/mouse_TFBS_5,InstaDeepAI/NTv3_650M_pre,cls,linear,1536,13180,5650,2,42,4,4,roc_auc,0.6500294187431105,"{'clf__C': 0.01, 'clf__penalty': 'l2'}",0.226314733248266,0.6655987469653065,0.6129947337278181,0.6130973451327434
prom/promoter_all_300bps,InstaDeepAI/NTv3_650M_pre,cls,linear,1536,41437,17759,2,42,4,4,roc_auc,0.9210704757946476,"{'clf__C': 0.01, 'clf__penalty': 'l2'}",0.7078154781977845,0.919236026346202,0.8538706727722201,0.8538769074835295
prom/promoter_all_70bps,InstaDeepAI/NTv3_650M_pre,cls,linear,1536,41437,17759,2,42,4,4,roc_auc,0.8638979253548316,"{'clf__C': 0.01, 'clf__penalty': 'l2'}",0.5582987999828006,0.8608843279871831,0.7786835879300513,0.7788163747958782
prom/promoter_notata_300bps,InstaDeepAI/NTv3_650M_pre,cls,linear,1536,37146,15920,2,42,4,4,roc_auc,0.96153038743761,"{'clf__C': 0.01, 'clf__penalty': 'l2'}",0.8011609141252057,0.9630632275700108,0.9004222064193927,0.9004396984924623
prom/promoter_notata_70bps,InstaDeepAI/NTv3_650M_pre,cls,linear,1536,37146,15920,2,42,4,4,roc_auc,0.8715528131108854,"{'clf__C': 0.01, 'clf__penalty': 'l2'}",0.5834574943088527,0.874592765965506,0.7914455472953275,0.7915201005025125
prom/promoter_tata_300bps,InstaDeepAI/NTv3_650M_pre,cls,linear,1536,4290,1840,2,42,4,4,roc_auc,0.681614812821731,"{'clf__C': 0.01, 'clf__penalty': 'l2'}",0.3010885573040047,0.7063628308128544,0.6505425492919847,0.6505434782608696
prom/promoter_tata_70bps,InstaDeepAI/NTv3_650M_pre,cls,linear,1536,4290,1840,2,42,4,4,roc_auc,0.932932603195303,"{'clf__C': 0.01, 'clf__penalty': 'l2'}",0.7423080769435131,0.939079040642722,0.8699257787785812,0.8701086956521739
splice/acceptors,InstaDeepAI/NTv3_650M_pre,cls,linear,1536,15525,6654,2,42,4,4,roc_auc,0.6837262577099672,"{'clf__C': 0.01, 'clf__penalty': 'l2'}",0.260584845029856,0.6792496521566288,0.6298705879799135,0.630297565374211
splice/donors,InstaDeepAI/NTv3_650M_pre,cls,linear,1536,15381,6592,2,42,4,4,roc_auc,0.7319829050385238,"{'clf__C': 0.01, 'clf__penalty': 'l2'}",0.3664092644115052,0.740414595530027,0.6824902650597447,0.6827973300970874
splice/splice_site_type_DNABERT,InstaDeepAI/NTv3_650M_pre,cls,linear,1536,31933,13687,3,42,4,4,accuracy,0.600507376710078,"{'clf__C': 0.01, 'clf__penalty': 'l2'}",0.2683814221228974,0.7087072356964867,0.4887750920780598,0.6047344195221743
splice/splice_site_type_NT,InstaDeepAI/NTv3_650M_pre,cls,linear,1536,20999,9001,3,42,4,4,accuracy,0.5193582360358888,"{'clf__C': 0.01, 'clf__penalty': 'l2'}",0.3023116230027678,0.7121340317945576,0.5342763576843405,0.5348294633929563
tf/Human_TFBS_1,InstaDeepAI/NTv3_650M_pre,cls,linear,1536,24064,10314,2,42,4,4,roc_auc,0.8066355134092773,"{'clf__C': 0.01, 'clf__penalty': 'l2'}",0.4968942601756945,0.8216855202713899,0.7480842954127569,0.7482063215047509
tf/Human_TFBS_2,InstaDeepAI/NTv3_650M_pre,cls,linear,1536,22870,9802,2,42,4,4,roc_auc,0.7966348139838972,"{'clf__C': 0.01, 'clf__penalty': 'l2'}",0.4679465127091049,0.810254589536358,0.7334279991394459,0.7336257906549684
tf/Human_TFBS_3,InstaDeepAI/NTv3_650M_pre,cls,linear,1536,14699,6301,2,42,4,4,roc_auc,0.7392150865560534,"{'clf__C': 0.01, 'clf__penalty': 'l2'}",0.3617303704872057,0.745460700306781,0.6808272997168674,0.6808443104269164
tf/Human_TFBS_4,InstaDeepAI/NTv3_650M_pre,cls,linear,1536,20505,8789,2,42,4,4,roc_auc,0.6735960683773463,"{'clf__C': 0.01, 'clf__penalty': 'l2'}",0.238511318946919,0.6677696289748716,0.6187778762854159,0.6190692911594038
tf/Human_TFBS_5,InstaDeepAI/NTv3_650M_pre,cls,linear,1536,14699,6301,2,42,4,4,roc_auc,0.8094245265066794,"{'clf__C': 0.01, 'clf__penalty': 'l2'}",0.4588930140170794,0.8017306675129589,0.7291357951275463,0.7292493255038883
virus/covid_variants,InstaDeepAI/NTv3_650M_pre,cls,linear,1536,64168,27501,9,42,4,4,accuracy,0.203232140630844,"{'clf__C': 1.0, 'clf__penalty': 'l2'}",0.1009752179604683,0.6144643052286006,0.2020432677855377,0.2038471328315334
iDHS-EL/DNase_I,InstaDeepAI/NTv3_650M_pre,mean,linear,1536,711,306,2,42,4,4,roc_auc,0.847171135896219,"{'clf__C': 0.01, 'clf__penalty': 'l2'}",0.6718146718146718,0.8703882453882454,0.8359073359073359,0.869281045751634
iDHS-EL/DNase_I,InstaDeepAI/NTv3_650M_pre,max,linear,1536,711,306,2,42,4,4,roc_auc,0.840796056794811,"{'clf__C': 0.01, 'clf__penalty': 'l2'}",0.6802714562706733,0.8857786357786358,0.8392146017699115,0.8758169934640523
iDHS-EL/DNase_I,InstaDeepAI/NTv3_650M_pre,cls,linear,1536,711,306,2,42,4,4,roc_auc,0.701779349094289,"{'clf__C': 0.01, 'clf__penalty': 'l2'}",0.374995129262439,0.7722543972543972,0.6821593153390388,0.7679738562091504
EMP/Yeast_H3,InstaDeepAI/NTv3_650M_pre,mean,linear,1536,10475,4490,2,42,4,4,roc_auc,0.949234365863486,"{'clf__C': 0.01, 'clf__penalty': 'l2'}",0.78964775380875,0.9553442525312686,0.8947662381204347,0.8948775055679288
EMP/Yeast_H3K14ac,InstaDeepAI/NTv3_650M_pre,mean,linear,1536,23133,9915,2,42,4,4,roc_auc,0.844434597132886,"{'clf__C': 0.01, 'clf__penalty': 'l2'}",0.5446898229461915,0.8514172790020801,0.7723398480371382,0.7763993948562784
EMP/Yeast_H3K36me3,InstaDeepAI/NTv3_650M_pre,mean,linear,1536,24415,10465,2,42,4,4,roc_auc,0.8680200053081,"{'clf__C': 0.01, 'clf__penalty': 'l2'}",0.594718959356351,0.8711199027738608,0.796711888381104,0.799235547061634
EMP/Yeast_H3K4me1,InstaDeepAI/NTv3_650M_pre,mean,linear,1536,22173,9504,2,42,4,4,roc_auc,0.8089818113445381,"{'clf__C': 0.01, 'clf__penalty': 'l2'}",0.5038865313868478,0.8195080256019202,0.7512357151330618,0.7548400673400674
EMP/Yeast_H3K4me2,InstaDeepAI/NTv3_650M_pre,mean,linear,1536,21478,9205,2,42,4,4,roc_auc,0.7341632845000137,"{'clf__C': 0.01, 'clf__penalty': 'l2'}",0.345696890971426,0.7421045110786643,0.6697427653606227,0.6899511135252581
EMP/Yeast_H3K4me3,InstaDeepAI/NTv3_650M_pre,mean,linear,1536,25759,11040,2,42,4,4,roc_auc,0.7709017817499173,"{'clf__C': 0.01, 'clf__penalty': 'l2'}",0.4012637593459316,0.7773886481969938,0.7004415543229571,0.7024456521739131
EMP/Yeast_H3K79me3,InstaDeepAI/NTv3_650M_pre,mean,linear,1536,20185,8652,2,42,4,4,roc_auc,0.8948313595699421,"{'clf__C': 0.01, 'clf__penalty': 'l2'}",0.6571548256452987,0.8987679538150348,0.8285287528005975,0.8294036061026352
EMP/Yeast_H3K9ac,InstaDeepAI/NTv3_650M_pre,mean,linear,1536,19447,8335,2,42,4,4,roc_auc,0.8412823934714658,"{'clf__C': 0.01, 'clf__penalty': 'l2'}",0.5400030386926877,0.8469622204414657,0.7699135293237178,0.7732453509298141
EMP/Yeast_H4,InstaDeepAI/NTv3_650M_pre,mean,linear,1536,10220,4381,2,42,4,4,roc_auc,0.958656807003042,"{'clf__C': 0.01, 'clf__penalty': 'l2'}",0.8260510781472872,0.9614976418081328,0.9129788394632016,0.913946587537092
genomic_benchmark/promoter_notata_251bps,InstaDeepAI/NTv3_650M_pre,mean,linear,1536,27097,9034,2,42,4,4,roc_auc,0.9356603420263472,"{'clf__C': 0.01, 'clf__penalty': 'l2'}",0.7437882121799266,0.93842607651266,0.8699401960025649,0.8701571839716626
enhancers/enhancer,InstaDeepAI/NTv3_650M_pre,mean,linear,1536,14968,400,2,42,4,4,roc_auc,0.9686973757091916,"{'clf__C': 0.1, 'clf__penalty': 'l2'}",0.4106282486415249,0.7863749999999999,0.7004612644813764,0.7025
enhancers/enhancer_strength,InstaDeepAI/NTv3_650M_pre,mean,linear,1536,14968,400,3,42,4,4,accuracy,0.8502137894174239,"{'clf__C': 0.01, 'clf__penalty': 'l2'}",0.3466501408716289,0.7138361111111111,0.5024691358024691,0.575
genomic_benchmark/enhancer_cohn,InstaDeepAI/NTv3_650M_pre,mean,linear,1536,20843,6948,2,42,4,4,roc_auc,0.8323070624244038,"{'clf__C': 0.01, 'clf__penalty': 'l2'}",0.4932127027585412,0.8313645175328264,0.7465146360146907,0.7465457685664939
genomic_benchmark/enhancer_ensembl,InstaDeepAI/NTv3_650M_pre,mean,linear,1536,123872,30970,2,42,4,4,roc_auc,0.8567878749147211,"{'clf__C': 1.0, 'clf__penalty': 'l2'}",0.5601867897119958,0.8565755396313514,0.7798013852989134,0.7798837584759445
genomic_benchmark/open_chromatin_region,InstaDeepAI/NTv3_650M_pre,mean,linear,1536,139804,34952,2,42,4,4,roc_auc,0.7660555182811923,"{'clf__C': 0.1, 'clf__penalty': 'l2'}",0.4021666018830623,0.7692507937249691,0.7005212628574358,0.7007610437170977
EMP/Yeast_H4ac,InstaDeepAI/NTv3_650M_pre,mean,linear,1536,23866,10229,2,42,4,4,roc_auc,0.8204760459420943,"{'clf__C': 0.01, 'clf__penalty': 'l2'}",0.4969378466697707,0.828851746115364,0.7483978675519639,0.7504154853846906
deep4mc/A.thaliana_4mC,InstaDeepAI/NTv3_650M_pre,mean,linear,1536,156697,67157,2,42,4,4,roc_auc,0.7099873280305914,"{'clf__C': 1.0, 'clf__penalty': 'l2'}",0.3069081814349624,0.7101963449266924,0.6534535515884476,0.6534538469556412
deep4mc/C.elegans_4mC,InstaDeepAI/NTv3_650M_pre,mean,linear,1536,84926,36398,2,42,4,4,roc_auc,0.740608871282258,"{'clf__C': 10.0, 'clf__penalty': 'l2'}",0.3550767194163506,0.7412676772194877,0.6775361989425053,0.6775372273201824
deep4mc/D.melanogaster_4mC,InstaDeepAI/NTv3_650M_pre,mean,linear,1536,126466,54200,2,42,4,4,roc_auc,0.7409540192187453,"{'clf__C': 0.01, 'clf__penalty': 'l2'}",0.3592641538565732,0.7412492463337919,0.6796300326830275,0.6796309963099632
deep4mc/E.coli_4mC,InstaDeepAI/NTv3_650M_pre,mean,linear,1536,8681,3721,2,42,4,4,roc_auc,0.7191637439117011,"{'clf__C': 0.01, 'clf__penalty': 'l2'}",0.1829736737299332,0.7276976209547389,0.5679019997577778,0.8247782854071486
deep4mc/G.pickeringii_4mC,InstaDeepAI/NTv3_650M_pre,mean,linear,1536,24053,10309,2,42,4,4,roc_auc,0.718404178461111,"{'clf__C': 0.01, 'clf__penalty': 'l2'}",0.1898655270913383,0.725539112933114,0.5569917247956518,0.8330584925792996
deep4mc/G.subterraneus_4mC,InstaDeepAI/NTv3_650M_pre,mean,linear,1536,63567,27243,2,42,4,4,roc_auc,0.7011112332382505,"{'clf__C': 0.01, 'clf__penalty': 'l2'}",0.1429398801645397,0.7098900647918409,0.5212461028393907,0.832690966486804
genomic_benchmark/coding,InstaDeepAI/NTv3_650M_pre,mean,linear,1536,75000,25000,2,42,4,4,roc_auc,0.9843668878222224,"{'clf__C': 0.01, 'clf__penalty': 'l2'}",0.8810054463734001,0.9833344063999998,0.940307622188537,0.94032
genomic_benchmark/human_vs_worm,InstaDeepAI/NTv3_650M_pre,mean,linear,1536,75000,25000,2,42,4,4,roc_auc,0.9940849408,"{'clf__C': 0.1, 'clf__penalty': 'l2'}",0.9288849966716132,0.9947001856,0.9644399043575668,0.96444
genomic_benchmark/regulatory_region_type,InstaDeepAI/NTv3_650M_pre,mean,linear,1536,150000,57713,3,42,4,4,accuracy,0.6842666666666666,"{'clf__C': 1.0, 'clf__penalty': 'l2'}",0.5223924776112547,0.850205292945498,0.6838629169330582,0.6832256164122468
iDNA_ABF/5mC,InstaDeepAI/NTv3_650M_pre,mean,linear,1536,3281,1407,2,42,4,4,roc_auc,0.8119791363615969,"{'clf__C': 0.01, 'clf__penalty': 'l2'}",0.5221555912725809,0.8355748092590198,0.7602270101181623,0.7604832977967306
iDNA_ABF/6mA,InstaDeepAI/NTv3_650M_pre,mean,linear,1536,25668,11002,2,42,4,4,roc_auc,0.8729449285985722,"{'clf__C': 0.01, 'clf__penalty': 'l2'}",0.5793547230957182,0.8766870269757434,0.7896736037581487,0.7896746046173423
iPro-WAEL/Promoter_Arabidopsis_NonTATA,InstaDeepAI/NTv3_650M_pre,mean,linear,1536,8267,3543,2,42,4,4,roc_auc,0.9831137249418084,"{'clf__C': 0.01, 'clf__penalty': 'l2'}",0.8833872511509416,0.9867883367981513,0.9415674886220486,0.9415749364944962
iPro-WAEL/Promoter_Arabidopsis_TATA,InstaDeepAI/NTv3_650M_pre,mean,linear,1536,3063,1313,2,42,4,4,roc_auc,0.9764464188755748,"{'clf__C': 0.01, 'clf__penalty': 'l2'}",0.841890410755091,0.9736116266600676,0.9208804931459078,0.9284082254379284
iPro-WAEL/Promoter_B_amyloliquefaciens,InstaDeepAI/NTv3_650M_pre,mean,linear,1536,1483,636,2,42,4,4,roc_auc,0.913054927996713,"{'clf__C': 0.01, 'clf__penalty': 'l2'}",0.6635252933375545,0.9124630400601248,0.8317605903657648,0.8317610062893082
iPro-WAEL/Promoter_GM12878,InstaDeepAI/NTv3_650M_pre,mean,linear,1536,10992,2750,2,42,4,4,roc_auc,0.9868651330913684,"{'clf__C': 0.01, 'clf__penalty': 'l2'}",0.8981856187769403,0.987571305785124,0.9490908013821912,0.9490909090909092
iPro-WAEL/Promoter_HUVEC,InstaDeepAI/NTv3_650M_pre,mean,linear,1536,11928,2982,2,42,4,4,roc_auc,0.9920430249729992,"{'clf__C': 0.01, 'clf__penalty': 'l2'}",0.9222405218538277,0.9932746490118894,0.9610990754968888,0.9610999329309188
iPro-WAEL/Promoter_Hela-S3,InstaDeepAI/NTv3_650M_pre,mean,linear,1536,11736,2936,2,42,4,4,roc_auc,0.9891992152740896,"{'clf__C': 0.01, 'clf__penalty': 'l2'}",0.9060080038418966,0.9906492920728492,0.9529969262295082,0.9529972752043596
iPro-WAEL/Promoter_NHEK,InstaDeepAI/NTv3_650M_pre,mean,linear,1536,8170,2044,2,42,4,4,roc_auc,0.9764802384053606,"{'clf__C': 0.01, 'clf__penalty': 'l2'}",0.8454805061418375,0.9744467124436564,0.922696960557622,0.9227005870841488
iPro-WAEL/Promoter_R_capsulatus,InstaDeepAI/NTv3_650M_pre,mean,linear,1536,7406,3175,2,42,4,4,roc_auc,0.7784472832162527,"{'clf__C': 0.01, 'clf__penalty': 'l2'}",0.3931523948736677,0.7842442129528567,0.6963013833743774,0.6966929133858267
mouse/mouse_TFBS_1,InstaDeepAI/NTv3_650M_pre,mean,linear,1536,5668,2430,2,42,4,4,roc_auc,0.8773178583666021,"{'clf__C': 0.01, 'clf__penalty': 'l2'}",0.6168245523235746,0.8905519145116767,0.8070936556875177,0.8074074074074075
mouse/mouse_TFBS_2,InstaDeepAI/NTv3_650M_pre,mean,linear,1536,47209,20233,2,42,4,4,roc_auc,0.9667403593653096,"{'clf__C': 0.01, 'clf__penalty': 'l2'}",0.8178019650391748,0.969538985799714,0.9085274707344504,0.9085652152424256
mouse/mouse_TFBS_3,InstaDeepAI/NTv3_650M_pre,mean,linear,1536,2293,983,2,42,4,4,roc_auc,0.954221948698026,"{'clf__C': 0.01, 'clf__penalty': 'l2'}",0.7905143629438943,0.9703483847465766,0.895211777795027,0.8952187182095626
mouse/mouse_TFBS_4,InstaDeepAI/NTv3_650M_pre,mean,linear,1536,1667,715,2,42,4,4,roc_auc,0.8986350464755386,"{'clf__C': 0.01, 'clf__penalty': 'l2'}",0.6471496762537878,0.8919769024928406,0.822021125007595,0.8223776223776224
mouse/mouse_TFBS_5,InstaDeepAI/NTv3_650M_pre,mean,linear,1536,13180,5650,2,42,4,4,roc_auc,0.8225731102740492,"{'clf__C': 0.01, 'clf__penalty': 'l2'}",0.479717835412821,0.8183217479833972,0.739530471955936,0.7396460176991151
prom/promoter_all_300bps,InstaDeepAI/NTv3_650M_pre,mean,linear,1536,41437,17759,2,42,4,4,roc_auc,0.973829608551843,"{'clf__C': 0.01, 'clf__penalty': 'l2'}",0.8394309119070964,0.9723255741099812,0.9196398535408568,0.9196463764851625
prom/promoter_all_70bps,InstaDeepAI/NTv3_650M_pre,mean,linear,1536,41437,17759,2,42,4,4,roc_auc,0.898014094103412,"{'clf__C': 0.01, 'clf__penalty': 'l2'}",0.6274738273163768,0.8968711792375775,0.8136523692386908,0.8136719409876683
prom/promoter_notata_300bps,InstaDeepAI/NTv3_650M_pre,mean,linear,1536,37146,15920,2,42,4,4,roc_auc,0.9940855681718184,"{'clf__C': 0.01, 'clf__penalty': 'l2'}",0.9375234824973218,0.9950870558824274,0.9687171532792568,0.968718592964824
prom/promoter_notata_70bps,InstaDeepAI/NTv3_650M_pre,mean,linear,1536,37146,15920,2,42,4,4,roc_auc,0.9193192101117008,"{'clf__C': 0.01, 'clf__penalty': 'l2'}",0.6786885480458349,0.9196507348299284,0.839316241906263,0.839321608040201
prom/promoter_tata_300bps,InstaDeepAI/NTv3_650M_pre,mean,linear,1536,4290,1840,2,42,4,4,roc_auc,0.8720842682368508,"{'clf__C': 0.01, 'clf__penalty': 'l2'}",0.5980649649534495,0.8790116965973536,0.7988728845906141,0.7989130434782609
prom/promoter_tata_70bps,InstaDeepAI/NTv3_650M_pre,mean,linear,1536,4290,1840,2,42,4,4,roc_auc,0.8545393017337954,"{'clf__C': 0.01, 'clf__penalty': 'l2'}",0.5991711305808171,0.8793259688090735,0.7994133306705041,0.7994565217391304
splice/acceptors,InstaDeepAI/NTv3_650M_pre,mean,linear,1536,15525,6654,2,42,4,4,roc_auc,0.9499452243702788,"{'clf__C': 0.01, 'clf__penalty': 'l2'}",0.7979571618189912,0.9421344934135631,0.8984512392421609,0.8985572587917042
splice/donors,InstaDeepAI/NTv3_650M_pre,mean,linear,1536,15381,6592,2,42,4,4,roc_auc,0.942942768121931,"{'clf__C': 0.01, 'clf__penalty': 'l2'}",0.7925704406627512,0.945334235428403,0.896233651763872,0.8962378640776699
splice/splice_site_type_DNABERT,InstaDeepAI/NTv3_650M_pre,mean,linear,1536,31933,13687,3,42,4,4,accuracy,0.7517928958882315,"{'clf__C': 0.01, 'clf__penalty': 'l2'}",0.5837078023040161,0.8736668859255938,0.7168499369886226,0.7606487908234091
splice/splice_site_type_NT,InstaDeepAI/NTv3_650M_pre,mean,linear,1536,20999,9001,3,42,4,4,accuracy,0.7056529588402326,"{'clf__C': 0.01, 'clf__penalty': 'l2'}",0.5818301123421491,0.8684509893506401,0.7211674150049842,0.7211420953227419
tf/Human_TFBS_1,InstaDeepAI/NTv3_650M_pre,mean,linear,1536,24064,10314,2,42,4,4,roc_auc,0.8779747800192395,"{'clf__C': 0.01, 'clf__penalty': 'l2'}",0.6028950156670669,0.8845227850158879,0.8013018986825549,0.8013379872018616
tf/Human_TFBS_2,InstaDeepAI/NTv3_650M_pre,mean,linear,1536,22870,9802,2,42,4,4,roc_auc,0.8611474241540771,"{'clf__C': 0.01, 'clf__penalty': 'l2'}",0.5655766085976071,0.8682249698904666,0.7825212329830893,0.7825953886961845
tf/Human_TFBS_3,InstaDeepAI/NTv3_650M_pre,mean,linear,1536,14699,6301,2,42,4,4,roc_auc,0.8480842604591596,"{'clf__C': 0.01, 'clf__penalty': 'l2'}",0.5492943643340676,0.8534386161107836,0.7746359434338843,0.7746389461990161
tf/Human_TFBS_4,InstaDeepAI/NTv3_650M_pre,mean,linear,1536,20505,8789,2,42,4,4,roc_auc,0.7741840806097628,"{'clf__C': 0.01, 'clf__penalty': 'l2'}",0.4105568615023988,0.7799719650801098,0.7051447156293946,0.7051996814199568
tf/Human_TFBS_5,InstaDeepAI/NTv3_650M_pre,mean,linear,1536,14699,6301,2,42,4,4,roc_auc,0.8917592075566072,"{'clf__C': 0.01, 'clf__penalty': 'l2'}",0.6232329139719505,0.8940074453562236,0.8114119437278298,0.8114584986510078
virus/covid_variants,InstaDeepAI/NTv3_650M_pre,mean,linear,1536,64168,27501,9,42,4,4,accuracy,0.5453964592943523,"{'clf__C': 10.0, 'clf__penalty': 'l2'}",0.4982370128054937,0.8648481727550662,0.5579148033467659,0.5553616232137013
EMP/Yeast_H3,InstaDeepAI/NTv3_650M_pre,max,linear,1536,10475,4490,2,42,4,4,roc_auc,0.9268634842143092,"{'clf__C': 0.01, 'clf__penalty': 'l2'}",0.7352531268612269,0.933037522334723,0.8676265634306135,0.867706013363029
EMP/Yeast_H3K14ac,InstaDeepAI/NTv3_650M_pre,max,linear,1536,23133,9915,2,42,4,4,roc_auc,0.827561237219056,"{'clf__C': 0.01, 'clf__penalty': 'l2'}",0.5194320537441992,0.8324973003735698,0.7596928289499556,0.7637922339889057
EMP/Yeast_H3K36me3,InstaDeepAI/NTv3_650M_pre,max,linear,1536,24415,10465,2,42,4,4,roc_auc,0.8514521158702935,"{'clf__C': 0.01, 'clf__penalty': 'l2'}",0.5719138525496817,0.8549540416418223,0.7855030154904556,0.7879598662207358
EMP/Yeast_H3K4me1,InstaDeepAI/NTv3_650M_pre,max,linear,1536,22173,9504,2,42,4,4,roc_auc,0.7928123173217234,"{'clf__C': 0.01, 'clf__penalty': 'l2'}",0.4977961236497233,0.8040344097235865,0.7485317384862107,0.7516835016835017
EMP/Yeast_H3K4me2,InstaDeepAI/NTv3_650M_pre,max,linear,1536,21478,9205,2,42,4,4,roc_auc,0.7000153605789672,"{'clf__C': 0.01, 'clf__penalty': 'l2'}",0.2856022465250536,0.7033030831439216,0.6411892030442187,0.6602933188484519
EMP/Yeast_H3K4me3,InstaDeepAI/NTv3_650M_pre,max,linear,1536,25759,11040,2,42,4,4,roc_auc,0.7469942338570512,"{'clf__C': 0.01, 'clf__penalty': 'l2'}",0.3796305456934944,0.7547247322592667,0.6898032064432794,0.691304347826087
EMP/Yeast_H3K79me3,InstaDeepAI/NTv3_650M_pre,max,linear,1536,20185,8652,2,42,4,4,roc_auc,0.8754543896414979,"{'clf__C': 0.01, 'clf__penalty': 'l2'}",0.621705330966474,0.8817948181413342,0.8107002287005879,0.8118354137771614
EMP/Yeast_H3K9ac,InstaDeepAI/NTv3_650M_pre,max,linear,1536,19447,8335,2,42,4,4,roc_auc,0.8177789596215258,"{'clf__C': 0.01, 'clf__penalty': 'l2'}",0.5015741151423341,0.826159539593502,0.7505936877047648,0.7545290941811638
EMP/Yeast_H4,InstaDeepAI/NTv3_650M_pre,max,linear,1536,10220,4381,2,42,4,4,roc_auc,0.9504596584118048,"{'clf__C': 0.01, 'clf__penalty': 'l2'}",0.795878013677586,0.9519977507256948,0.8979198744590771,0.8991097922848664
EMP/Yeast_H4ac,InstaDeepAI/NTv3_650M_pre,max,linear,1536,23866,10229,2,42,4,4,roc_auc,0.787854028242672,"{'clf__C': 0.01, 'clf__penalty': 'l2'}",0.4617007729467987,0.8043995441848518,0.7308401841222261,0.7327206960602209
deep4mc/A.thaliana_4mC,InstaDeepAI/NTv3_650M_pre,max,linear,1536,156697,67157,2,42,4,4,roc_auc,0.6650757760718318,"{'clf__C': 0.01, 'clf__penalty': 'l2'}",0.2433908923912851,0.6677826085931567,0.6216878981572442,0.6216924520154266
deep4mc/C.elegans_4mC,InstaDeepAI/NTv3_650M_pre,max,linear,1536,84926,36398,2,42,4,4,roc_auc,0.6935407418537045,"{'clf__C': 0.01, 'clf__penalty': 'l2'}",0.2836980645043351,0.6937948056911374,0.6418477222083712,0.6418484532117149
deep4mc/D.melanogaster_4mC,InstaDeepAI/NTv3_650M_pre,max,linear,1536,126466,54200,2,42,4,4,roc_auc,0.690766953897809,"{'clf__C': 0.01, 'clf__penalty': 'l2'}",0.2817726365352233,0.6925810392015359,0.6408847047232731,0.6408856088560886
deep4mc/E.coli_4mC,InstaDeepAI/NTv3_650M_pre,max,linear,1536,8681,3721,2,42,4,4,roc_auc,0.6536741398621417,"{'clf__C': 0.01, 'clf__penalty': 'l2'}",0.1391698118576348,0.6495001612383102,0.5572158647197727,0.8070411179790379
deep4mc/G.pickeringii_4mC,InstaDeepAI/NTv3_650M_pre,max,linear,1536,24053,10309,2,42,4,4,roc_auc,0.6769091102163682,"{'clf__C': 0.01, 'clf__penalty': 'l2'}",0.1524866015039307,0.6848697414477533,0.5470935308320164,0.8244252594820061
deep4mc/G.subterraneus_4mC,InstaDeepAI/NTv3_650M_pre,max,linear,1536,63567,27243,2,42,4,4,roc_auc,0.6572472568769172,"{'clf__C': 0.01, 'clf__penalty': 'l2'}",0.0938126277278942,0.6692197813520346,0.4942581765010106,0.8308189259626326
enhancers/enhancer,InstaDeepAI/NTv3_650M_pre,max,linear,1536,14968,400,2,42,4,4,roc_auc,0.9390450920274316,"{'clf__C': 0.01, 'clf__penalty': 'l2'}",0.4728695677457052,0.7941,0.7341959427267484,0.735
enhancers/enhancer_strength,InstaDeepAI/NTv3_650M_pre,max,linear,1536,14968,400,3,42,4,4,accuracy,0.777592196686264,"{'clf__C': 0.01, 'clf__penalty': 'l2'}",0.333798734606913,0.7408222222222222,0.5183880176982849,0.5725
genomic_benchmark/coding,InstaDeepAI/NTv3_650M_pre,max,linear,1536,75000,25000,2,42,4,4,roc_auc,0.980420135822222,"{'clf__C': 0.01, 'clf__penalty': 'l2'}",0.8610791683416581,0.9784365632,0.930345476084462,0.93036
genomic_benchmark/enhancer_cohn,InstaDeepAI/NTv3_650M_pre,max,linear,1536,20843,6948,2,42,4,4,roc_auc,0.8068091865911858,"{'clf__C': 0.01, 'clf__penalty': 'l2'}",0.4603569264048053,0.8043668584689819,0.7301145488943667,0.7301381692573402
genomic_benchmark/enhancer_ensembl,InstaDeepAI/NTv3_650M_pre,max,linear,1536,123872,30970,2,42,4,4,roc_auc,0.8434301615692694,"{'clf__C': 0.01, 'clf__penalty': 'l2'}",0.5229273451201372,0.8429364444785954,0.7613917328021187,0.7614142718760091
genomic_benchmark/human_vs_worm,InstaDeepAI/NTv3_650M_pre,max,linear,1536,75000,25000,2,42,4,4,roc_auc,0.9899494940444444,"{'clf__C': 0.01, 'clf__penalty': 'l2'}",0.8963348692432115,0.9902627136,0.9481595700147376,0.94816
genomic_benchmark/open_chromatin_region,InstaDeepAI/NTv3_650M_pre,max,linear,1536,139804,34952,2,42,4,4,roc_auc,0.7239220000386387,"{'clf__C': 0.01, 'clf__penalty': 'l2'}",0.3209056805536169,0.7220430637608306,0.6602085675855776,0.6603341725795376
genomic_benchmark/promoter_notata_251bps,InstaDeepAI/NTv3_650M_pre,max,linear,1536,27097,9034,2,42,4,4,roc_auc,0.9300451533035704,"{'clf__C': 0.01, 'clf__penalty': 'l2'}",0.7103687500003432,0.928663857562046,0.8543101887218074,0.8547708656187735
genomic_benchmark/regulatory_region_type,InstaDeepAI/NTv3_650M_pre,max,linear,1536,150000,57713,3,42,4,4,accuracy,0.6446666666666666,"{'clf__C': 0.01, 'clf__penalty': 'l2'}",0.4481925865864426,0.8142210816090231,0.6334379241200808,0.6342071976850969
iDNA_ABF/5mC,InstaDeepAI/NTv3_650M_pre,max,linear,1536,3281,1407,2,42,4,4,roc_auc,0.7418678308155701,"{'clf__C': 0.01, 'clf__penalty': 'l2'}",0.4388127257797286,0.7910982154403207,0.7191791308354972,0.7192608386638237
iDNA_ABF/6mA,InstaDeepAI/NTv3_650M_pre,max,linear,1536,25668,11002,2,42,4,4,roc_auc,0.8380547831884919,"{'clf__C': 0.01, 'clf__penalty': 'l2'}",0.5111797939397279,0.8389601189993683,0.7555898907275893,0.7555898927467734
iPro-WAEL/Promoter_Arabidopsis_NonTATA,InstaDeepAI/NTv3_650M_pre,max,linear,1536,8267,3543,2,42,4,4,roc_auc,0.9792402165998298,"{'clf__C': 0.01, 'clf__penalty': 'l2'}",0.8721679657108571,0.9837267208206456,0.9359192008944816,0.9359300028224669
iPro-WAEL/Promoter_Arabidopsis_TATA,InstaDeepAI/NTv3_650M_pre,max,linear,1536,3063,1313,2,42,4,4,roc_auc,0.9710632703536446,"{'clf__C': 0.01, 'clf__penalty': 'l2'}",0.8194371844359307,0.973972510929638,0.9097025520786132,0.9185072353389184
iPro-WAEL/Promoter_B_amyloliquefaciens,InstaDeepAI/NTv3_650M_pre,max,linear,1536,1483,636,2,42,4,4,roc_auc,0.9040576812290162,"{'clf__C': 0.01, 'clf__penalty': 'l2'}",0.6262580186653187,0.8960177209932457,0.8127889460287778,0.8128930817610063
iPro-WAEL/Promoter_GM12878,InstaDeepAI/NTv3_650M_pre,max,linear,1536,10992,2750,2,42,4,4,roc_auc,0.9833031936419552,"{'clf__C': 0.01, 'clf__penalty': 'l2'}",0.8793183076642106,0.9843110082644628,0.9396347991300008,0.9396363636363636
iPro-WAEL/Promoter_HUVEC,InstaDeepAI/NTv3_650M_pre,max,linear,1536,11928,2982,2,42,4,4,roc_auc,0.9906685811268234,"{'clf__C': 0.01, 'clf__penalty': 'l2'}",0.9067758127100576,0.990975137658052,0.953386941420766,0.9533869885982562
iPro-WAEL/Promoter_Hela-S3,InstaDeepAI/NTv3_650M_pre,max,linear,1536,11736,2936,2,42,4,4,roc_auc,0.9871846610432932,"{'clf__C': 0.01, 'clf__penalty': 'l2'}",0.8999241045079417,0.9891068498541083,0.9499302014534664,0.949931880108992
iPro-WAEL/Promoter_NHEK,InstaDeepAI/NTv3_650M_pre,max,linear,1536,8170,2044,2,42,4,4,roc_auc,0.9717895392169732,"{'clf__C': 0.01, 'clf__penalty': 'l2'}",0.8336850333080698,0.9716864978305078,0.916828471528089,0.9168297455968688
iPro-WAEL/Promoter_R_capsulatus,InstaDeepAI/NTv3_650M_pre,max,linear,1536,7406,3175,2,42,4,4,roc_auc,0.7469664067843578,"{'clf__C': 0.01, 'clf__penalty': 'l2'}",0.3678878970737372,0.7580958330720388,0.6837807981133246,0.6840944881889763
mouse/mouse_TFBS_1,InstaDeepAI/NTv3_650M_pre,max,linear,1536,5668,2430,2,42,4,4,roc_auc,0.8403496609372634,"{'clf__C': 0.01, 'clf__penalty': 'l2'}",0.5135153942049939,0.8416034141137023,0.7561987504880905,0.7563786008230453
mouse/mouse_TFBS_2,InstaDeepAI/NTv3_650M_pre,max,linear,1536,47209,20233,2,42,4,4,roc_auc,0.9569174325622968,"{'clf__C': 0.01, 'clf__penalty': 'l2'}",0.7935710700111778,0.9620711694526356,0.8964689971922037,0.8965057084960214
mouse/mouse_TFBS_3,InstaDeepAI/NTv3_650M_pre,max,linear,1536,2293,983,2,42,4,4,roc_auc,0.951637977048022,"{'clf__C': 0.01, 'clf__penalty': 'l2'}",0.7749988492630051,0.961266206348418,0.8870130152540143,0.8870803662258393
mouse/mouse_TFBS_4,InstaDeepAI/NTv3_650M_pre,max,linear,1536,1667,715,2,42,4,4,roc_auc,0.8834596617009003,"{'clf__C': 0.01, 'clf__penalty': 'l2'}",0.6031814565425018,0.8748180836580443,0.7994334822207967,0.8
mouse/mouse_TFBS_5,InstaDeepAI/NTv3_650M_pre,max,linear,1536,13180,5650,2,42,4,4,roc_auc,0.7809127068338432,"{'clf__C': 0.01, 'clf__penalty': 'l2'}",0.4070332392317453,0.7737702247630981,0.7029446324008604,0.7031858407079646
prom/promoter_all_300bps,InstaDeepAI/NTv3_650M_pre,max,linear,1536,41437,17759,2,42,4,4,roc_auc,0.9619233152800656,"{'clf__C': 0.01, 'clf__penalty': 'l2'}",0.8015658985588502,0.961613158236511,0.9007826636628168,0.9007827017287008
prom/promoter_all_70bps,InstaDeepAI/NTv3_650M_pre,max,linear,1536,41437,17759,2,42,4,4,roc_auc,0.8788861487941529,"{'clf__C': 0.01, 'clf__penalty': 'l2'}",0.6007724222380624,0.8804711098360439,0.8002313277512492,0.8002702854890478
prom/promoter_notata_300bps,InstaDeepAI/NTv3_650M_pre,max,linear,1536,37146,15920,2,42,4,4,roc_auc,0.9885699689427612,"{'clf__C': 0.01, 'clf__penalty': 'l2'}",0.8980012468510704,0.9890162811545162,0.9489282674484836,0.94893216080402
prom/promoter_notata_70bps,InstaDeepAI/NTv3_650M_pre,max,linear,1536,37146,15920,2,42,4,4,roc_auc,0.90164094020026,"{'clf__C': 0.01, 'clf__penalty': 'l2'}",0.6398659353847652,0.9019246041766622,0.8199061759924126,0.8199120603015075
prom/promoter_tata_300bps,InstaDeepAI/NTv3_650M_pre,max,linear,1536,4290,1840,2,42,4,4,roc_auc,0.853801022229022,"{'clf__C': 0.01, 'clf__penalty': 'l2'}",0.5654432395923523,0.8664998818525519,0.7825652806385017,0.782608695652174
prom/promoter_tata_70bps,InstaDeepAI/NTv3_650M_pre,max,linear,1536,4290,1840,2,42,4,4,roc_auc,0.8230114088175088,"{'clf__C': 0.01, 'clf__penalty': 'l2'}",0.5098503804113996,0.8248859877126653,0.7548750138463243,0.7548913043478261
splice/acceptors,InstaDeepAI/NTv3_650M_pre,max,linear,1536,15525,6654,2,42,4,4,roc_auc,0.9490786361870108,"{'clf__C': 0.01, 'clf__penalty': 'l2'}",0.78868011039557,0.941771742469417,0.8937822950865931,0.8938984069732492
splice/donors,InstaDeepAI/NTv3_650M_pre,max,linear,1536,15381,6592,2,42,4,4,roc_auc,0.942618861774396,"{'clf__C': 0.01, 'clf__penalty': 'l2'}",0.7822094188567748,0.9456520858647224,0.8910781319326695,0.8910800970873787
splice/splice_site_type_DNABERT,InstaDeepAI/NTv3_650M_pre,max,linear,1536,31933,13687,3,42,4,4,accuracy,0.7422730537173559,"{'clf__C': 0.01, 'clf__penalty': 'l2'}",0.569091721246694,0.8631913726848431,0.7043661957908581,0.7525389055307956
splice/splice_site_type_NT,InstaDeepAI/NTv3_650M_pre,max,linear,1536,20999,9001,3,42,4,4,accuracy,0.6861279245933465,"{'clf__C': 0.01, 'clf__penalty': 'l2'}",0.552600588764301,0.8543291815637697,0.7015878791199044,0.7015887123652927
tf/Human_TFBS_1,InstaDeepAI/NTv3_650M_pre,max,linear,1536,24064,10314,2,42,4,4,roc_auc,0.8558599110262703,"{'clf__C': 0.01, 'clf__penalty': 'l2'}",0.5666417134517346,0.8645178208593767,0.7831638417229174,0.7832072910606942
tf/Human_TFBS_2,InstaDeepAI/NTv3_650M_pre,max,linear,1536,22870,9802,2,42,4,4,roc_auc,0.8400555162386217,"{'clf__C': 0.01, 'clf__penalty': 'l2'}",0.5298821155315119,0.8460640036110206,0.7646534622621111,0.7647418894103244
tf/Human_TFBS_3,InstaDeepAI/NTv3_650M_pre,max,linear,1536,14699,6301,2,42,4,4,roc_auc,0.8131077829520466,"{'clf__C': 0.01, 'clf__penalty': 'l2'}",0.482945067527095,0.8164366061668507,0.7414683317043389,0.7414696079987304
tf/Human_TFBS_4,InstaDeepAI/NTv3_650M_pre,max,linear,1536,20505,8789,2,42,4,4,roc_auc,0.7389629735571316,"{'clf__C': 0.01, 'clf__penalty': 'l2'}",0.3574923763326083,0.7476051477788255,0.6786398434691998,0.6786892706792582
tf/Human_TFBS_5,InstaDeepAI/NTv3_650M_pre,max,linear,1536,14699,6301,2,42,4,4,roc_auc,0.8769809852162828,"{'clf__C': 0.01, 'clf__penalty': 'l2'}",0.5891603327158768,0.8760615173817333,0.79444225404064,0.7944770671322012
virus/covid_variants,InstaDeepAI/NTv3_650M_pre,max,linear,1536,64168,27501,9,42,4,4,accuracy,0.490228774467024,"{'clf__C': 0.1, 'clf__penalty': 'l2'}",0.4293299705622793,0.828219428331458,0.4946692689044766,0.4940911239591287
EMP/Yeast_H3,InstaDeepAI/NTv3_650M_pre,mean_max,linear,3072,10475,4490,2,42,4,4,roc_auc,0.9462958966140568,"{'clf__C': 0.01, 'clf__penalty': 'l2'}",0.7860463426122162,0.9532656343061348,0.893016783736645,0.8930957683741648
EMP/Yeast_H3K14ac,InstaDeepAI/NTv3_650M_pre,mean_max,linear,3072,23133,9915,2,42,4,4,roc_auc,0.83694987689079,"{'clf__C': 0.01, 'clf__penalty': 'l2'}",0.5383085025791794,0.846716479859593,0.7691419889767306,0.773171961674231
EMP/Yeast_H3K36me3,InstaDeepAI/NTv3_650M_pre,mean_max,linear,3072,24415,10465,2,42,4,4,roc_auc,0.8633458455845139,"{'clf__C': 0.01, 'clf__penalty': 'l2'}",0.5873450462332508,0.8674556433692018,0.7934492484150217,0.7955088389870999
EMP/Yeast_H3K4me1,InstaDeepAI/NTv3_650M_pre,mean_max,linear,3072,22173,9504,2,42,4,4,roc_auc,0.8052730458369487,"{'clf__C': 0.01, 'clf__penalty': 'l2'}",0.507114608463898,0.817475998199865,0.75313713172721,0.7563131313131313
EMP/Yeast_H3K4me2,InstaDeepAI/NTv3_650M_pre,mean_max,linear,3072,21478,9205,2,42,4,4,roc_auc,0.7229982602160091,"{'clf__C': 0.01, 'clf__penalty': 'l2'}",0.3308223030660053,0.73133556671563,0.6640993336996868,0.6811515480717002
EMP/Yeast_H3K4me3,InstaDeepAI/NTv3_650M_pre,mean_max,linear,3072,25759,11040,2,42,4,4,roc_auc,0.7643566525602974,"{'clf__C': 0.01, 'clf__penalty': 'l2'}",0.4090055561564422,0.7762295872729928,0.7044071803108475,0.7061594202898551
EMP/Yeast_H3K79me3,InstaDeepAI/NTv3_650M_pre,mean_max,linear,3072,20185,8652,2,42,4,4,roc_auc,0.8892013441333031,"{'clf__C': 0.01, 'clf__penalty': 'l2'}",0.6400513258479383,0.8948064448629421,0.8200079885497453,0.8208506703652335
EMP/Yeast_H3K9ac,InstaDeepAI/NTv3_650M_pre,mean_max,linear,3072,19447,8335,2,42,4,4,roc_auc,0.8310341809837072,"{'clf__C': 0.01, 'clf__penalty': 'l2'}",0.5274402518804955,0.8411863335033147,0.7636860953731742,0.7668866226754649
EMP/Yeast_H4,InstaDeepAI/NTv3_650M_pre,mean_max,linear,3072,10220,4381,2,42,4,4,roc_auc,0.9561417798281512,"{'clf__C': 0.01, 'clf__penalty': 'l2'}",0.8099955714098467,0.9599215033663128,0.9049973510875104,0.9061858023282356
EMP/Yeast_H4ac,InstaDeepAI/NTv3_650M_pre,mean_max,linear,3072,23866,10229,2,42,4,4,roc_auc,0.8109689821807149,"{'clf__C': 0.01, 'clf__penalty': 'l2'}",0.5038312555377779,0.8267828950664067,0.7518427896713598,0.7538371297292012
deep4mc/A.thaliana_4mC,InstaDeepAI/NTv3_650M_pre,mean_max,linear,3072,156697,67157,2,42,4,4,roc_auc,0.712841235145774,"{'clf__C': 0.01, 'clf__penalty': 'l2'}",0.3155741064329367,0.7151735591589503,0.6577869038672892,0.6577869767857408
deep4mc/C.elegans_4mC,InstaDeepAI/NTv3_650M_pre,mean_max,linear,3072,84926,36398,2,42,4,4,roc_auc,0.7446656413698,"{'clf__C': 0.01, 'clf__penalty': 'l2'}",0.3690879608863087,0.7469689497729827,0.6845423600367505,0.6845431067641079
deep4mc/D.melanogaster_4mC,InstaDeepAI/NTv3_650M_pre,mean_max,linear,3072,126466,54200,2,42,4,4,roc_auc,0.7452583786577716,"{'clf__C': 0.01, 'clf__penalty': 'l2'}",0.3682309505854144,0.7479558952083986,0.68411346111073,0.6841143911439115
deep4mc/E.coli_4mC,InstaDeepAI/NTv3_650M_pre,mean_max,linear,3072,8681,3721,2,42,4,4,roc_auc,0.6904897135764266,"{'clf__C': 0.01, 'clf__penalty': 'l2'}",0.2100714636703819,0.7018069093216548,0.5964249417485405,0.8142972319269014
deep4mc/G.pickeringii_4mC,InstaDeepAI/NTv3_650M_pre,mean_max,linear,3072,24053,10309,2,42,4,4,roc_auc,0.6977071561443716,"{'clf__C': 0.01, 'clf__penalty': 'l2'}",0.1879435284510013,0.7096952451390435,0.5750777809647085,0.8219031913861674
deep4mc/G.subterraneus_4mC,InstaDeepAI/NTv3_650M_pre,mean_max,linear,3072,63567,27243,2,42,4,4,roc_auc,0.6923089506676834,"{'clf__C': 0.01, 'clf__penalty': 'l2'}",0.16725657296697,0.7059039238929204,0.547249923451535,0.8298645523620747
enhancers/enhancer,InstaDeepAI/NTv3_650M_pre,mean_max,linear,3072,14968,400,2,42,4,4,roc_auc,0.967816465613012,"{'clf__C': 0.01, 'clf__penalty': 'l2'}",0.4800735832326195,0.8105500000000002,0.7361129436601135,0.7375
enhancers/enhancer_strength,InstaDeepAI/NTv3_650M_pre,mean_max,linear,3072,14968,400,3,42,4,4,accuracy,0.8313067878140031,"{'clf__C': 0.01, 'clf__penalty': 'l2'}",0.4293267257498345,0.7513277777777777,0.56199727066357,0.6275
genomic_benchmark/coding,InstaDeepAI/NTv3_650M_pre,mean_max,linear,3072,75000,25000,2,42,4,4,roc_auc,0.9840590279111112,"{'clf__C': 0.01, 'clf__penalty': 'l2'}",0.877767801442237,0.9827915072,0.9387513557093372,0.93876
genomic_benchmark/enhancer_cohn,InstaDeepAI/NTv3_650M_pre,mean_max,linear,3072,20843,6948,2,42,4,4,roc_auc,0.8202450328463995,"{'clf__C': 0.01, 'clf__penalty': 'l2'}",0.4756524342111929,0.8189743431673864,0.737733210520624,0.7377662636729995
genomic_benchmark/enhancer_ensembl,InstaDeepAI/NTv3_650M_pre,mean_max,linear,3072,123872,30970,2,42,4,4,roc_auc,0.8702958874690425,"{'clf__C': 0.1, 'clf__penalty': 'l2'}",0.5854139025226035,0.8727798282817468,0.792613626327433,0.7926380368098159
genomic_benchmark/human_vs_worm,InstaDeepAI/NTv3_650M_pre,mean_max,linear,3072,75000,25000,2,42,4,4,roc_auc,0.9936554837333332,"{'clf__C': 0.01, 'clf__penalty': 'l2'}",0.9244805798344016,0.9942194368,0.9622399881584602,0.96224
EMP/Yeast_H3,InstaDeepAI/NTv3_650M_pre,attention,linear,1536,10475,4490,2,42,4,4,roc_auc,0.8499759770094659,"{'clf__C': 0.01, 'clf__penalty': 'l2'}",0.553432912320663,0.8533591423466349,0.7756925769439951,0.7757238307349666
EMP/Yeast_H3K14ac,InstaDeepAI/NTv3_650M_pre,attention,linear,1536,23133,9915,2,42,4,4,roc_auc,0.7790385833642256,"{'clf__C': 0.01, 'clf__penalty': 'l2'}",0.4460600856964066,0.7936224724996286,0.7225955440903149,0.72970247100353
EMP/Yeast_H3K36me3,InstaDeepAI/NTv3_650M_pre,attention,linear,1536,24415,10465,2,42,4,4,roc_auc,0.808428873039458,"{'clf__C': 0.01, 'clf__penalty': 'l2'}",0.5052911306121398,0.8135903055735405,0.7526384516221621,0.7542283803153368
EMP/Yeast_H3K4me1,InstaDeepAI/NTv3_650M_pre,attention,linear,1536,22173,9504,2,42,4,4,roc_auc,0.7446104306306875,"{'clf__C': 0.01, 'clf__penalty': 'l2'}",0.4140622266196705,0.7516248986531133,0.7069389083537077,0.7087542087542088
EMP/Yeast_H3K4me2,InstaDeepAI/NTv3_650M_pre,attention,linear,1536,21478,9205,2,42,4,4,roc_auc,0.6340649374493151,"{'clf__C': 0.01, 'clf__penalty': 'l2'}",0.2191057680920191,0.6495174044319736,0.6052431238108605,0.6324823465507876
EMP/Yeast_H3K4me3,InstaDeepAI/NTv3_650M_pre,attention,linear,1536,25759,11040,2,42,4,4,roc_auc,0.6819016073143865,"{'clf__C': 0.01, 'clf__penalty': 'l2'}",0.2793752089281133,0.6915362349583862,0.6381684043453153,0.6428442028985507
EMP/Yeast_H3K79me3,InstaDeepAI/NTv3_650M_pre,attention,linear,1536,20185,8652,2,42,4,4,roc_auc,0.8258343098248782,"{'clf__C': 0.01, 'clf__penalty': 'l2'}",0.552629394716155,0.8420161926376615,0.7762896527328694,0.7770457697642164
EMP/Yeast_H3K9ac,InstaDeepAI/NTv3_650M_pre,attention,linear,1536,19447,8335,2,42,4,4,roc_auc,0.7676178480863537,"{'clf__C': 0.01, 'clf__penalty': 'l2'}",0.4210109957447903,0.7762080571137175,0.7092201523884595,0.7158968206358728
EMP/Yeast_H4,InstaDeepAI/NTv3_650M_pre,attention,linear,1536,10220,4381,2,42,4,4,roc_auc,0.9021105066730212,"{'clf__C': 0.01, 'clf__penalty': 'l2'}",0.7270544520531699,0.9138464194829036,0.8633063692260929,0.8655558091759872
EMP/Yeast_H4ac,InstaDeepAI/NTv3_650M_pre,attention,linear,1536,23866,10229,2,42,4,4,roc_auc,0.7434966428143,"{'clf__C': 0.01, 'clf__penalty': 'l2'}",0.3808992547033014,0.7550962366625245,0.6900096705570771,0.6934206667318409
deep4mc/A.thaliana_4mC,InstaDeepAI/NTv3_650M_pre,attention,linear,1536,156697,67157,2,42,4,4,roc_auc,0.6104800864085835,"{'clf__C': 0.01, 'clf__penalty': 'l2'}",0.1774797313354659,0.6208685170352871,0.5887396869595254,0.5887398186339473
deep4mc/C.elegans_4mC,InstaDeepAI/NTv3_650M_pre,attention,linear,1536,84926,36398,2,42,4,4,roc_auc,0.599819700572176,"{'clf__C': 0.01, 'clf__penalty': 'l2'}",0.1395688921529967,0.5965239490255422,0.5697828457200024,0.5697840540689049
deep4mc/D.melanogaster_4mC,InstaDeepAI/NTv3_650M_pre,attention,linear,1536,126466,54200,2,42,4,4,roc_auc,0.6265289109554425,"{'clf__C': 0.01, 'clf__penalty': 'l2'}",0.1833210831337013,0.6284231954902575,0.591660461004134,0.591660516605166
deep4mc/E.coli_4mC,InstaDeepAI/NTv3_650M_pre,attention,linear,1536,8681,3721,2,42,4,4,roc_auc,0.5646409386724905,"{'clf__C': 0.01, 'clf__penalty': 'l2'}",0.0647980498790939,0.5984385890087485,0.5050958704117834,0.8151034668099973
deep4mc/G.pickeringii_4mC,InstaDeepAI/NTv3_650M_pre,attention,linear,1536,24053,10309,2,42,4,4,roc_auc,0.61226030698267,"{'clf__C': 0.01, 'clf__penalty': 'l2'}",0.0817228397700143,0.6184373580983105,0.4981464736711907,0.8263653118634203
deep4mc/G.subterraneus_4mC,InstaDeepAI/NTv3_650M_pre,attention,linear,1536,63567,27243,2,42,4,4,roc_auc,0.6014774734612722,"{'clf__C': 0.01, 'clf__penalty': 'l2'}",0.038770547766765,0.6194883033758468,0.4660569869712258,0.8316264728554124
enhancers/enhancer,InstaDeepAI/NTv3_650M_pre,attention,linear,1536,14968,400,2,42,4,4,roc_auc,0.8703403890887412,"{'clf__C': 0.01, 'clf__penalty': 'l2'}",0.4552789438057995,0.7822250000000001,0.7274165213096511,0.7275
enhancers/enhancer_strength,InstaDeepAI/NTv3_650M_pre,attention,linear,1536,14968,400,3,42,4,4,accuracy,0.6622795296632816,"{'clf__C': 0.01, 'clf__penalty': 'l2'}",0.3391748159961775,0.718375,0.5158466503580774,0.585
genomic_benchmark/coding,InstaDeepAI/NTv3_650M_pre,attention,linear,1536,75000,25000,2,42,4,4,roc_auc,0.9562747392,"{'clf__C': 0.01, 'clf__penalty': 'l2'}",0.7822214220215344,0.9548535424,0.8908022219367012,0.89084
genomic_benchmark/enhancer_cohn,InstaDeepAI/NTv3_650M_pre,attention,linear,1536,20843,6948,2,42,4,4,roc_auc,0.7778018187110833,"{'clf__C': 0.01, 'clf__penalty': 'l2'}",0.4142546747011638,0.7834619969912192,0.7070976731993681,0.7071099597006333
genomic_benchmark/enhancer_ensembl,InstaDeepAI/NTv3_650M_pre,attention,linear,1536,123872,30970,2,42,4,4,roc_auc,0.7619267669016896,"{'clf__C': 0.01, 'clf__penalty': 'l2'}",0.3893308122537021,0.7624533079550668,0.6943895182149982,0.6945108169195996
genomic_benchmark/human_vs_worm,InstaDeepAI/NTv3_650M_pre,attention,linear,1536,75000,25000,2,42,4,4,roc_auc,0.9660372252444444,"{'clf__C': 0.01, 'clf__penalty': 'l2'}",0.8068982193219648,0.967326688,0.9034389098639168,0.90344
genomic_benchmark/open_chromatin_region,InstaDeepAI/NTv3_650M_pre,attention,linear,1536,139804,34952,2,42,4,4,roc_auc,0.6692563903703128,"{'clf__C': 0.01, 'clf__penalty': 'l2'}",0.2473505300553662,0.6692259078808063,0.6232641162017856,0.6235122453650721
genomic_benchmark/promoter_notata_251bps,InstaDeepAI/NTv3_650M_pre,attention,linear,1536,27097,9034,2,42,4,4,roc_auc,0.8789255426134466,"{'clf__C': 0.01, 'clf__penalty': 'l2'}",0.6203791433778532,0.8851778609757476,0.8085798900831251,0.808943989373478
genomic_benchmark/regulatory_region_type,InstaDeepAI/NTv3_650M_pre,attention,linear,1536,150000,57713,3,42,4,4,accuracy,0.5669933333333333,"{'clf__C': 0.01, 'clf__penalty': 'l2'}",0.3432413585333046,0.7549808051883398,0.5541387557737921,0.5648813958726804
iDHS-EL/DNase_I,InstaDeepAI/NTv3_650M_pre,attention,linear,1536,711,306,2,42,4,4,roc_auc,0.7466323193521593,"{'clf__C': 0.01, 'clf__penalty': 'l2'}",0.382232965534474,0.720988845988846,0.6851666764654006,0.7712418300653595
iDNA_ABF/5mC,InstaDeepAI/NTv3_650M_pre,attention,linear,1536,3281,1407,2,42,4,4,roc_auc,0.6673812149818134,"{'clf__C': 0.01, 'clf__penalty': 'l2'}",0.2396721653593694,0.6658759537049012,0.6196077044164205,0.6197583511016347
iDNA_ABF/6mA,InstaDeepAI/NTv3_650M_pre,attention,linear,1536,25668,11002,2,42,4,4,roc_auc,0.7569122170617396,"{'clf__C': 0.01, 'clf__penalty': 'l2'}",0.3998863666043726,0.7673324487844934,0.6998198883171394,0.6998727504090165
iPro-WAEL/Promoter_Arabidopsis_NonTATA,InstaDeepAI/NTv3_650M_pre,attention,linear,1536,8267,3543,2,42,4,4,roc_auc,0.932111323277872,"{'clf__C': 0.01, 'clf__penalty': 'l2'}",0.7325829400906144,0.939530853874754,0.8662020149743173,0.8662150719729044
iPro-WAEL/Promoter_Arabidopsis_TATA,InstaDeepAI/NTv3_650M_pre,attention,linear,1536,3063,1313,2,42,4,4,roc_auc,0.9176706918913032,"{'clf__C': 0.01, 'clf__penalty': 'l2'}",0.6190094782441286,0.906925369133053,0.8089798839275885,0.8309215536938309
iPro-WAEL/Promoter_B_amyloliquefaciens,InstaDeepAI/NTv3_650M_pre,attention,linear,1536,1483,636,2,42,4,4,roc_auc,0.8495542622587111,"{'clf__C': 0.01, 'clf__penalty': 'l2'}",0.4914335338171891,0.8374751540203514,0.7449778719443977,0.7452830188679245
iPro-WAEL/Promoter_GM12878,InstaDeepAI/NTv3_650M_pre,attention,linear,1536,10992,2750,2,42,4,4,roc_auc,0.931591508128712,"{'clf__C': 0.01, 'clf__penalty': 'l2'}",0.7549108877239207,0.9431124628099176,0.8774543996151533,0.8774545454545455
iPro-WAEL/Promoter_HUVEC,InstaDeepAI/NTv3_650M_pre,attention,linear,1536,11928,2982,2,42,4,4,roc_auc,0.9564563774329412,"{'clf__C': 0.01, 'clf__penalty': 'l2'}",0.806171987335421,0.9576601122496212,0.9030850796446144,0.9030851777330652
iPro-WAEL/Promoter_Hela-S3,InstaDeepAI/NTv3_650M_pre,attention,linear,1536,11736,2936,2,42,4,4,roc_auc,0.9536967337317368,"{'clf__C': 0.01, 'clf__penalty': 'l2'}",0.7902171375281128,0.9576733252158676,0.89509361537048,0.8950953678474114
iPro-WAEL/Promoter_NHEK,InstaDeepAI/NTv3_650M_pre,attention,linear,1536,8170,2044,2,42,4,4,roc_auc,0.9198499062445356,"{'clf__C': 0.01, 'clf__penalty': 'l2'}",0.7244256464278335,0.9318859838925247,0.8620014019926683,0.8620352250489237
iPro-WAEL/Promoter_R_capsulatus,InstaDeepAI/NTv3_650M_pre,attention,linear,1536,7406,3175,2,42,4,4,roc_auc,0.7177129401124059,"{'clf__C': 0.01, 'clf__penalty': 'l2'}",0.3158925120023477,0.7222185618926886,0.6579201449572128,0.6579527559055118
mouse/mouse_TFBS_1,InstaDeepAI/NTv3_650M_pre,attention,linear,1536,5668,2430,2,42,4,4,roc_auc,0.717868227709912,"{'clf__C': 0.01, 'clf__penalty': 'l2'}",0.3689343952889373,0.7343386001456417,0.684272258915009,0.6843621399176955
mouse/mouse_TFBS_2,InstaDeepAI/NTv3_650M_pre,attention,linear,1536,47209,20233,2,42,4,4,roc_auc,0.8509253965280598,"{'clf__C': 0.01, 'clf__penalty': 'l2'}",0.5440109648283354,0.8559868127330947,0.7719359528275281,0.7719567043938121
mouse/mouse_TFBS_3,InstaDeepAI/NTv3_650M_pre,attention,linear,1536,2293,983,2,42,4,4,roc_auc,0.8110727336740764,"{'clf__C': 0.01, 'clf__penalty': 'l2'}",0.5271622809533613,0.8558152434884836,0.7627190460650701,0.762970498474059
mouse/mouse_TFBS_4,InstaDeepAI/NTv3_650M_pre,attention,linear,1536,1667,715,2,42,4,4,roc_auc,0.6375269348882393,"{'clf__C': 0.01, 'clf__penalty': 'l2'}",0.1946494602067568,0.6490853324570052,0.5970254403131114,0.5972027972027972
mouse/mouse_TFBS_5,InstaDeepAI/NTv3_650M_pre,attention,linear,1536,13180,5650,2,42,4,4,roc_auc,0.6563462510536957,"{'clf__C': 0.01, 'clf__penalty': 'l2'}",0.2449601875877597,0.6685284673819406,0.6224744583011497,0.6224778761061946
prom/promoter_all_300bps,InstaDeepAI/NTv3_650M_pre,attention,linear,1536,41437,17759,2,42,4,4,roc_auc,0.9389920526245588,"{'clf__C': 0.01, 'clf__penalty': 'l2'}",0.7448692010368682,0.9400527322287936,0.8723973745841282,0.8724027253786812
prom/promoter_all_70bps,InstaDeepAI/NTv3_650M_pre,attention,linear,1536,41437,17759,2,42,4,4,roc_auc,0.8542223432163777,"{'clf__C': 0.01, 'clf__penalty': 'l2'}",0.5393800111911253,0.8526288811336395,0.7692932972143022,0.7694126921560899
prom/promoter_notata_300bps,InstaDeepAI/NTv3_650M_pre,attention,linear,1536,37146,15920,2,42,4,4,roc_auc,0.9745905741583284,"{'clf__C': 0.01, 'clf__penalty': 'l2'}",0.8518724085551174,0.976613374662256,0.9258744542367798,0.9258793969849246
prom/promoter_notata_70bps,InstaDeepAI/NTv3_650M_pre,attention,linear,1536,37146,15920,2,42,4,4,roc_auc,0.8733983191588699,"{'clf__C': 0.01, 'clf__penalty': 'l2'}",0.5946284581707357,0.8794810263629707,0.7971253189915992,0.7971733668341708
prom/promoter_tata_300bps,InstaDeepAI/NTv3_650M_pre,attention,linear,1536,4290,1840,2,42,4,4,roc_auc,0.6956739523285869,"{'clf__C': 0.01, 'clf__penalty': 'l2'}",0.3195720136547883,0.723170486767486,0.6597789910336949,0.6597826086956522
prom/promoter_tata_70bps,InstaDeepAI/NTv3_650M_pre,attention,linear,1536,4290,1840,2,42,4,4,roc_auc,0.7987145637310508,"{'clf__C': 0.01, 'clf__penalty': 'l2'}",0.4739175228711018,0.8137175094517959,0.7369552786166287,0.7369565217391304
splice/acceptors,InstaDeepAI/NTv3_650M_pre,attention,linear,1536,15525,6654,2,42,4,4,roc_auc,0.8176629069288972,"{'clf__C': 0.01, 'clf__penalty': 'l2'}",0.4993665570922668,0.8187732422616144,0.7491872204400891,0.7494740006011422
splice/donors,InstaDeepAI/NTv3_650M_pre,attention,linear,1536,15381,6592,2,42,4,4,roc_auc,0.8203807536137947,"{'clf__C': 0.01, 'clf__penalty': 'l2'}",0.4963786253890603,0.8258441952943775,0.7479615077360537,0.7480279126213593
splice/splice_site_type_DNABERT,InstaDeepAI/NTv3_650M_pre,attention,linear,1536,31933,13687,3,42,4,4,accuracy,0.6259981325861042,"{'clf__C': 0.01, 'clf__penalty': 'l2'}",0.3310551172632955,0.7477236307252539,0.5377940335116734,0.6292832614890042
splice/splice_site_type_NT,InstaDeepAI/NTv3_650M_pre,attention,linear,1536,20999,9001,3,42,4,4,accuracy,0.5481213927369386,"{'clf__C': 0.01, 'clf__penalty': 'l2'}",0.3426778136644514,0.73346771418174,0.5617867714723227,0.561715364959449
tf/Human_TFBS_1,InstaDeepAI/NTv3_650M_pre,attention,linear,1536,24064,10314,2,42,4,4,roc_auc,0.8100569911972328,"{'clf__C': 0.01, 'clf__penalty': 'l2'}",0.4998097014246691,0.8267439062647527,0.7496838917355535,0.7497576110141555
tf/Human_TFBS_2,InstaDeepAI/NTv3_650M_pre,attention,linear,1536,22870,9802,2,42,4,4,roc_auc,0.7969340856715632,"{'clf__C': 0.01, 'clf__penalty': 'l2'}",0.4552312380206438,0.805187270285878,0.7272749954026823,0.7274025709038971
tf/Human_TFBS_3,InstaDeepAI/NTv3_650M_pre,attention,linear,1536,14699,6301,2,42,4,4,roc_auc,0.7459233506336289,"{'clf__C': 0.01, 'clf__penalty': 'l2'}",0.3585144910927253,0.746314951665634,0.6792572284377266,0.6792572607522616
tf/Human_TFBS_4,InstaDeepAI/NTv3_650M_pre,attention,linear,1536,20505,8789,2,42,4,4,roc_auc,0.6694978459114078,"{'clf__C': 0.01, 'clf__penalty': 'l2'}",0.2223158556839887,0.665709471442856,0.6107055462726025,0.6109910114916373
tf/Human_TFBS_5,InstaDeepAI/NTv3_650M_pre,attention,linear,1536,14699,6301,2,42,4,4,roc_auc,0.8024727945501858,"{'clf__C': 0.01, 'clf__penalty': 'l2'}",0.461795863352474,0.8040196863681472,0.7305521442401184,0.7306776702110777
virus/covid_variants,InstaDeepAI/NTv3_650M_pre,attention,linear,1536,64168,27501,9,42,4,4,accuracy,0.3026898142376262,"{'clf__C': 10.0, 'clf__penalty': 'l2'}",0.2141406255405238,0.6996129290169287,0.3028533239135838,0.3038071342860259
EMP/Yeast_H3,zhihan1996/DNABERT-2-117M,attention,linear,768,10475,4490,2,42,4,4,roc_auc,0.8994356545232107,"{'clf__C': 0.01, 'clf__penalty': 'l2'}",0.651446998863907,0.9027176891006552,0.8257228433426462,0.8258351893095769
EMP/Yeast_H3K14ac,zhihan1996/DNABERT-2-117M,attention,linear,768,23133,9915,2,42,4,4,roc_auc,0.7265715565891053,"{'clf__C': 0.01, 'clf__penalty': 'l2'}",0.3494405665163528,0.7347736011689979,0.6736759663355955,0.6836106908724155
EMP/Yeast_H3K36me3,zhihan1996/DNABERT-2-117M,attention,linear,768,24415,10465,2,42,4,4,roc_auc,0.7715936534715624,"{'clf__C': 0.01, 'clf__penalty': 'l2'}",0.4129696625963753,0.7746776353546068,0.7063413785507429,0.7091256569517439
EMP/Yeast_H3K4me1,zhihan1996/DNABERT-2-117M,attention,linear,768,22173,9504,2,42,4,4,roc_auc,0.7039161989288346,"{'clf__C': 0.01, 'clf__penalty': 'l2'}",0.3147469675635761,0.7120203211669447,0.6558642892113629,0.6623526936026936
EMP/Yeast_H3K4me2,zhihan1996/DNABERT-2-117M,attention,linear,768,21478,9205,2,42,4,4,roc_auc,0.6732527479380215,"{'clf__C': 0.01, 'clf__penalty': 'l2'}",0.2583315575509157,0.6744726142068939,0.6221054281968437,0.6522542096686583
EMP/Yeast_H3K4me3,zhihan1996/DNABERT-2-117M,attention,linear,768,25759,11040,2,42,4,4,roc_auc,0.6453796237376985,"{'clf__C': 0.01, 'clf__penalty': 'l2'}",0.2111480560868994,0.6463818370413603,0.6044779717244064,0.6090579710144928
EMP/Yeast_H3K79me3,zhihan1996/DNABERT-2-117M,attention,linear,768,20185,8652,2,42,4,4,roc_auc,0.8396977752767787,"{'clf__C': 0.01, 'clf__penalty': 'l2'}",0.5483812474633079,0.842058257011176,0.7739943878915523,0.77542764678687
EMP/Yeast_H3K9ac,zhihan1996/DNABERT-2-117M,attention,linear,768,19447,8335,2,42,4,4,roc_auc,0.7732224710419333,"{'clf__C': 0.01, 'clf__penalty': 'l2'}",0.4096492189553353,0.7705117797042325,0.704764673877748,0.7089382123575285
EMP/Yeast_H4,zhihan1996/DNABERT-2-117M,attention,linear,768,10220,4381,2,42,4,4,roc_auc,0.9226134624621606,"{'clf__C': 0.01, 'clf__penalty': 'l2'}",0.7136638667304591,0.9231920106857416,0.8568282286029306,0.8587080575211139
EMP/Yeast_H4ac,zhihan1996/DNABERT-2-117M,attention,linear,768,23866,10229,2,42,4,4,roc_auc,0.7136174461991878,"{'clf__C': 0.01, 'clf__penalty': 'l2'}",0.3204695123951041,0.7175260370437144,0.6596720155175454,0.6637012415680907
deep4mc/A.thaliana_4mC,zhihan1996/DNABERT-2-117M,attention,linear,768,156697,67157,2,42,4,4,roc_auc,0.5702944046189677,"{'clf__C': 0.01, 'clf__penalty': 'l2'}",0.107792654625519,0.5740375515954474,0.5538950243811976,0.5538960942269607
deep4mc/C.elegans_4mC,zhihan1996/DNABERT-2-117M,attention,linear,768,84926,36398,2,42,4,4,roc_auc,0.5815264865275053,"{'clf__C': 0.01, 'clf__penalty': 'l2'}",0.1206913811120414,0.5822333767439926,0.5601591329928657,0.5603055112918293
deep4mc/D.melanogaster_4mC,zhihan1996/DNABERT-2-117M,attention,linear,768,126466,54200,2,42,4,4,roc_auc,0.5871543672295527,"{'clf__C': 0.01, 'clf__penalty': 'l2'}",0.1355147423029402,0.5923400117100802,0.5677226232289572,0.5677490774907749
deep4mc/E.coli_4mC,zhihan1996/DNABERT-2-117M,attention,linear,768,8681,3721,2,42,4,4,roc_auc,0.5602075492063132,"{'clf__C': 0.01, 'clf__penalty': 'l2'}",0.0460435501293869,0.5866837960699463,0.4730660893061001,0.8298844396667563
deep4mc/G.pickeringii_4mC,zhihan1996/DNABERT-2-117M,attention,linear,768,24053,10309,2,42,4,4,roc_auc,0.5978955890664854,"{'clf__C': 0.01, 'clf__penalty': 'l2'}",0.0350725283213835,0.6010779751774775,0.4656319737246427,0.8313124454360268
deep4mc/G.subterraneus_4mC,zhihan1996/DNABERT-2-117M,attention,linear,768,63567,27243,2,42,4,4,roc_auc,0.5756390548933289,"{'clf__C': 0.01, 'clf__penalty': 'l2'}",0.0135532202377394,0.5835364477632156,0.4558132395010609,0.8332048599640275
enhancers/enhancer,zhihan1996/DNABERT-2-117M,attention,linear,768,14968,400,2,42,4,4,roc_auc,0.931069909767954,"{'clf__C': 0.01, 'clf__penalty': 'l2'}",0.4307760960892128,0.8015,0.7147432689420479,0.715
enhancers/enhancer_strength,zhihan1996/DNABERT-2-117M,attention,linear,768,14968,400,3,42,4,4,accuracy,0.7692410475681455,"{'clf__C': 0.01, 'clf__penalty': 'l2'}",0.2614016953774987,0.6909194444444444,0.4554321984077162,0.5425
genomic_benchmark/coding,zhihan1996/DNABERT-2-117M,attention,linear,768,75000,25000,2,42,4,4,roc_auc,0.9427540963555556,"{'clf__C': 0.01, 'clf__penalty': 'l2'}",0.7420916360880816,0.9432929792,0.8710389889456733,0.87104
genomic_benchmark/enhancer_cohn,zhihan1996/DNABERT-2-117M,attention,linear,768,20843,6948,2,42,4,4,roc_auc,0.8052453181970691,"{'clf__C': 0.01, 'clf__penalty': 'l2'}",0.449647326879832,0.8063896155634637,0.7248063059296987,0.7248128957973518
genomic_benchmark/enhancer_ensembl,zhihan1996/DNABERT-2-117M,attention,linear,768,123872,30970,2,42,4,4,roc_auc,0.7889546604127854,"{'clf__C': 0.01, 'clf__penalty': 'l2'}",0.4474115656264026,0.7887588945482358,0.7234357950266168,0.7235389086212464
genomic_benchmark/human_vs_worm,zhihan1996/DNABERT-2-117M,attention,linear,768,75000,25000,2,42,4,4,roc_auc,0.9748573980444444,"{'clf__C': 0.1, 'clf__penalty': 'l2'}",0.8441690873603037,0.9765151936,0.9220795806011346,0.92208
genomic_benchmark/open_chromatin_region,zhihan1996/DNABERT-2-117M,attention,linear,768,139804,34952,2,42,4,4,roc_auc,0.7133654697830436,"{'clf__C': 0.01, 'clf__penalty': 'l2'}",0.3074164925146841,0.7123592209851961,0.6534398549081604,0.6535820553902495
genomic_benchmark/promoter_notata_251bps,zhihan1996/DNABERT-2-117M,attention,linear,768,27097,9034,2,42,4,4,roc_auc,0.8905505020681943,"{'clf__C': 0.01, 'clf__penalty': 'l2'}",0.6348459839890563,0.8899534376214041,0.8162324657274371,0.8166924950188178
genomic_benchmark/regulatory_region_type,zhihan1996/DNABERT-2-117M,attention,linear,768,150000,57713,3,42,4,4,accuracy,0.6529733333333334,"{'clf__C': 0.01, 'clf__penalty': 'l2'}",0.4775215293725426,0.8322714291261372,0.6544429512839176,0.6533883180565904
iDHS-EL/DNase_I,zhihan1996/DNABERT-2-117M,attention,linear,768,711,306,2,42,4,4,roc_auc,0.8152691672599273,"{'clf__C': 0.01, 'clf__penalty': 'l2'}",0.571565980468637,0.8384813384813387,0.7830771848239098,0.8366013071895425
iDNA_ABF/5mC,zhihan1996/DNABERT-2-117M,attention,linear,768,3281,1407,2,42,4,4,roc_auc,0.6141356234196131,"{'clf__C': 0.01, 'clf__penalty': 'l2'}",0.165604181781915,0.615535691193586,0.582799441313973,0.5828002842928216
iDNA_ABF/6mA,zhihan1996/DNABERT-2-117M,attention,linear,768,25668,11002,2,42,4,4,roc_auc,0.7163401750959155,"{'clf__C': 0.01, 'clf__penalty': 'l2'}",0.2956385528357364,0.7079338849365888,0.6477579937067346,0.6477913106707871
iPro-WAEL/Promoter_Arabidopsis_NonTATA,zhihan1996/DNABERT-2-117M,attention,linear,768,8267,3543,2,42,4,4,roc_auc,0.9488145867486164,"{'clf__C': 0.01, 'clf__penalty': 'l2'}",0.7709426315903969,0.9458790546973882,0.8853990730318817,0.8854078464578041
iPro-WAEL/Promoter_Arabidopsis_TATA,zhihan1996/DNABERT-2-117M,attention,linear,768,3063,1313,2,42,4,4,roc_auc,0.9345936753765546,"{'clf__C': 0.01, 'clf__penalty': 'l2'}",0.7485340202129533,0.9438154747174792,0.8742272044736705,0.8872810357958872
iPro-WAEL/Promoter_B_amyloliquefaciens,zhihan1996/DNABERT-2-117M,attention,linear,768,1483,636,2,42,4,4,roc_auc,0.8045851241585917,"{'clf__C': 0.01, 'clf__penalty': 'l2'}",0.3867822372522465,0.7697556441165709,0.6933894043566295,0.6933962264150944
iPro-WAEL/Promoter_GM12878,zhihan1996/DNABERT-2-117M,attention,linear,768,10992,2750,2,42,4,4,roc_auc,0.9750784744337022,"{'clf__C': 0.01, 'clf__penalty': 'l2'}",0.878668389579287,0.9799574214876032,0.939268479077743,0.9392727272727271
iPro-WAEL/Promoter_HUVEC,zhihan1996/DNABERT-2-117M,attention,linear,768,11928,2982,2,42,4,4,roc_auc,0.9805659352943056,"{'clf__C': 0.01, 'clf__penalty': 'l2'}",0.89877117132273,0.9828836646078124,0.9493615624387448,0.9493628437290408
iPro-WAEL/Promoter_Hela-S3,zhihan1996/DNABERT-2-117M,attention,linear,768,11736,2936,2,42,4,4,roc_auc,0.9783140938873812,"{'clf__C': 0.01, 'clf__penalty': 'l2'}",0.884262660618037,0.9787139261558108,0.9420959162260903,0.9420980926430518
iPro-WAEL/Promoter_NHEK,zhihan1996/DNABERT-2-117M,attention,linear,768,8170,2044,2,42,4,4,roc_auc,0.931912631430214,"{'clf__C': 0.01, 'clf__penalty': 'l2'}",0.7280191959198076,0.9354264881032164,0.8639889167502027,0.8639921722113503
iPro-WAEL/Promoter_R_capsulatus,zhihan1996/DNABERT-2-117M,attention,linear,768,7406,3175,2,42,4,4,roc_auc,0.6005805006590097,"{'clf__C': 0.01, 'clf__penalty': 'l2'}",0.1556374999367745,0.6070955973115365,0.5778166856133977,0.5779527559055118
mouse/mouse_TFBS_1,zhihan1996/DNABERT-2-117M,attention,linear,768,5668,2430,2,42,4,4,roc_auc,0.6645988222450654,"{'clf__C': 0.01, 'clf__penalty': 'l2'}",0.248573899707507,0.6880197801825603,0.6242690818599526,0.6242798353909464
mouse/mouse_TFBS_2,zhihan1996/DNABERT-2-117M,attention,linear,768,47209,20233,2,42,4,4,roc_auc,0.8533259402300647,"{'clf__C': 0.01, 'clf__penalty': 'l2'}",0.5451364110491982,0.8537150921408136,0.7725419267017622,0.7725497948895369
mouse/mouse_TFBS_3,zhihan1996/DNABERT-2-117M,attention,linear,768,2293,983,2,42,4,4,roc_auc,0.8437725272942405,"{'clf__C': 0.01, 'clf__penalty': 'l2'}",0.5605648517775211,0.8631132747172684,0.7802533532041729,0.780264496439471
mouse/mouse_TFBS_4,zhihan1996/DNABERT-2-117M,attention,linear,768,1667,715,2,42,4,4,roc_auc,0.717539699514807,"{'clf__C': 0.01, 'clf__penalty': 'l2'}",0.3230755989546656,0.709325070810447,0.6615377994773328,0.6615384615384615
mouse/mouse_TFBS_5,zhihan1996/DNABERT-2-117M,attention,linear,768,13180,5650,2,42,4,4,roc_auc,0.6429943417275306,"{'clf__C': 0.01, 'clf__penalty': 'l2'}",0.2116820657803834,0.6449706633252408,0.6058401029419702,0.6058407079646018
prom/promoter_all_300bps,zhihan1996/DNABERT-2-117M,attention,linear,768,41437,17759,2,42,4,4,roc_auc,0.9433463184090491,"{'clf__C': 0.01, 'clf__penalty': 'l2'}",0.7594528104726433,0.9430818580434248,0.8797223773082272,0.879722957373726
prom/promoter_all_70bps,zhihan1996/DNABERT-2-117M,attention,linear,768,41437,17759,2,42,4,4,roc_auc,0.8291084626400056,"{'clf__C': 0.01, 'clf__penalty': 'l2'}",0.4941327232346938,0.8274243419283682,0.7467971812170615,0.746888901402106
prom/promoter_notata_300bps,zhihan1996/DNABERT-2-117M,attention,linear,768,37146,15920,2,42,4,4,roc_auc,0.9767890736938176,"{'clf__C': 0.01, 'clf__penalty': 'l2'}",0.8568897487831794,0.9780263440317164,0.928319466103,0.9283291457286432
prom/promoter_notata_70bps,zhihan1996/DNABERT-2-117M,attention,linear,768,37146,15920,2,42,4,4,roc_auc,0.8500434037450462,"{'clf__C': 0.01, 'clf__penalty': 'l2'}",0.5362711178120613,0.8490568893462286,0.7680709459683952,0.7680904522613066
prom/promoter_tata_300bps,zhihan1996/DNABERT-2-117M,attention,linear,768,4290,1840,2,42,4,4,roc_auc,0.7191072213286835,"{'clf__C': 0.01, 'clf__penalty': 'l2'}",0.3309638718160619,0.729656781663516,0.6649497944956038,0.6652173913043479
prom/promoter_tata_70bps,zhihan1996/DNABERT-2-117M,attention,linear,768,4290,1840,2,42,4,4,roc_auc,0.7310448247005509,"{'clf__C': 0.01, 'clf__penalty': 'l2'}",0.3372443222365135,0.7415979442344045,0.6683368024405494,0.6684782608695652
splice/acceptors,zhihan1996/DNABERT-2-117M,attention,linear,768,15525,6654,2,42,4,4,roc_auc,0.7621760772172852,"{'clf__C': 0.01, 'clf__penalty': 'l2'}",0.3989997975824238,0.7576436999692814,0.6988080973616871,0.6992786293958522
splice/donors,zhihan1996/DNABERT-2-117M,attention,linear,768,15381,6592,2,42,4,4,roc_auc,0.7557886499481128,"{'clf__C': 0.01, 'clf__penalty': 'l2'}",0.3811551176128644,0.7575948120328435,0.6902523719882838,0.6903822815533981
splice/splice_site_type_DNABERT,zhihan1996/DNABERT-2-117M,attention,linear,768,31933,13687,3,42,4,4,accuracy,0.556884724133222,"{'clf__C': 0.01, 'clf__penalty': 'l2'}",0.1537681365874042,0.6769966350021589,0.3874133556065161,0.5622123182582012
splice/splice_site_type_NT,zhihan1996/DNABERT-2-117M,attention,linear,768,20999,9001,3,42,4,4,accuracy,0.4451645392773226,"{'clf__C': 0.01, 'clf__penalty': 'l2'}",0.1801240974660339,0.6462942008276861,0.4532480579833415,0.4533940673258527
tf/Human_TFBS_1,zhihan1996/DNABERT-2-117M,attention,linear,768,24064,10314,2,42,4,4,roc_auc,0.7931350286646957,"{'clf__C': 0.01, 'clf__penalty': 'l2'}",0.457244517125117,0.8009306308197562,0.7286207174576869,0.7286212914485166
tf/Human_TFBS_2,zhihan1996/DNABERT-2-117M,attention,linear,768,22870,9802,2,42,4,4,roc_auc,0.781449524786398,"{'clf__C': 0.01, 'clf__penalty': 'l2'}",0.4307508397992454,0.7823893711692284,0.7153568049128746,0.7153642113854315
tf/Human_TFBS_3,zhihan1996/DNABERT-2-117M,attention,linear,768,14699,6301,2,42,4,4,roc_auc,0.7341039274946318,"{'clf__C': 0.01, 'clf__penalty': 'l2'}",0.3754175435017826,0.751686992791404,0.6876333060877051,0.687668624027932
tf/Human_TFBS_4,zhihan1996/DNABERT-2-117M,attention,linear,768,20505,8789,2,42,4,4,roc_auc,0.6806924680625452,"{'clf__C': 0.01, 'clf__penalty': 'l2'}",0.263065350397612,0.6831168575619976,0.6313880116971975,0.6314711571282284
tf/Human_TFBS_5,zhihan1996/DNABERT-2-117M,attention,linear,768,14699,6301,2,42,4,4,roc_auc,0.8055994290725867,"{'clf__C': 0.01, 'clf__penalty': 'l2'}",0.4538242407232236,0.8073936719509552,0.7268439827994664,0.7268687509919061
virus/covid_variants,zhihan1996/DNABERT-2-117M,attention,linear,768,64168,27501,9,42,4,4,accuracy,0.4551957361924947,"{'clf__C': 1.0, 'clf__penalty': 'l2'}",0.3959615227408206,0.806225889463911,0.4655751817012157,0.4648921857387004
EMP/Yeast_H3,LongSafari/hyenadna-medium-160k-seqlen-hf,attention,linear,256,10475,4490,2,42,4,4,roc_auc,0.9095835310310318,"{'clf__C': 0.1, 'clf__penalty': 'l2'}",0.696749636518987,0.9186269604923566,0.8480250624027725,0.8483296213808463
EMP/Yeast_H3K14ac,LongSafari/hyenadna-medium-160k-seqlen-hf,attention,linear,256,23133,9915,2,42,4,4,roc_auc,0.7284922567948466,"{'clf__C': 0.1, 'clf__penalty': 'l2'}",0.3385016557831636,0.7302009430783435,0.668490309178339,0.6779626828038325
EMP/Yeast_H3K36me3,LongSafari/hyenadna-medium-160k-seqlen-hf,attention,linear,256,24415,10465,2,42,4,4,roc_auc,0.7676338617333506,"{'clf__C': 0.1, 'clf__penalty': 'l2'}",0.4135704562856463,0.7680154057118445,0.7059632598992784,0.7099856665074057
EMP/Yeast_H3K4me1,LongSafari/hyenadna-medium-160k-seqlen-hf,attention,linear,256,22173,9504,2,42,4,4,roc_auc,0.7169587627710605,"{'clf__C': 0.1, 'clf__penalty': 'l2'}",0.3316947739979496,0.7189296340082649,0.6625911938897164,0.6710858585858586
EMP/Yeast_H3K4me2,LongSafari/hyenadna-medium-160k-seqlen-hf,attention,linear,256,21478,9205,2,42,4,4,roc_auc,0.6858471055782063,"{'clf__C': 0.01, 'clf__penalty': 'l2'}",0.2658024240123773,0.6875566440193145,0.6209260528279785,0.6574687669744704
EMP/Yeast_H3K4me3,LongSafari/hyenadna-medium-160k-seqlen-hf,attention,linear,256,25759,11040,2,42,4,4,roc_auc,0.6588164735627201,"{'clf__C': 0.1, 'clf__penalty': 'l2'}",0.2203456647065357,0.6557346801898571,0.6087523925960217,0.613768115942029
EMP/Yeast_H3K79me3,LongSafari/hyenadna-medium-160k-seqlen-hf,attention,linear,256,20185,8652,2,42,4,4,roc_auc,0.842011752440534,"{'clf__C': 0.1, 'clf__penalty': 'l2'}",0.5524725772895862,0.8461224051807855,0.7755942999974009,0.7775080906148867
EMP/Yeast_H3K9ac,LongSafari/hyenadna-medium-160k-seqlen-hf,attention,linear,256,19447,8335,2,42,4,4,roc_auc,0.785742580046017,"{'clf__C': 0.1, 'clf__penalty': 'l2'}",0.4385409509144589,0.7853530705908065,0.7192658237141826,0.7224955008998201
EMP/Yeast_H4,LongSafari/hyenadna-medium-160k-seqlen-hf,attention,linear,256,10220,4381,2,42,4,4,roc_auc,0.9221815436628948,"{'clf__C': 0.1, 'clf__penalty': 'l2'}",0.7314415783157635,0.9252128958393492,0.8655817909884878,0.8669253595069619
EMP/Yeast_H4ac,LongSafari/hyenadna-medium-160k-seqlen-hf,attention,linear,256,23866,10229,2,42,4,4,roc_auc,0.716027254809352,"{'clf__C': 0.1, 'clf__penalty': 'l2'}",0.3170391151777935,0.7178726538535795,0.6573129211357558,0.6624303450972725
deep4mc/A.thaliana_4mC,LongSafari/hyenadna-medium-160k-seqlen-hf,attention,linear,256,156697,67157,2,42,4,4,roc_auc,0.6506794599490386,"{'clf__C': 0.1, 'clf__penalty': 'l2'}",0.2234805400293058,0.6523591980046481,0.6116730350523889,0.6117158300698363
deep4mc/C.elegans_4mC,LongSafari/hyenadna-medium-160k-seqlen-hf,attention,linear,256,84926,36398,2,42,4,4,roc_auc,0.6660297457814913,"{'clf__C': 1.0, 'clf__penalty': 'l2'}",0.2309934729408796,0.6595187170081522,0.615434493074061,0.615473377658113
deep4mc/D.melanogaster_4mC,LongSafari/hyenadna-medium-160k-seqlen-hf,attention,linear,256,126466,54200,2,42,4,4,roc_auc,0.6747316132050705,"{'clf__C': 10.0, 'clf__penalty': 'l2'}",0.2512284024654026,0.6727809425252924,0.6256008905296966,0.6256088560885609
deep4mc/E.coli_4mC,LongSafari/hyenadna-medium-160k-seqlen-hf,attention,linear,256,8681,3721,2,42,4,4,roc_auc,0.6929272128637378,"{'clf__C': 1.0, 'clf__penalty': 'l2'}",0.1220828582048966,0.6895663209578596,0.5170057308929417,0.8290782047836603
deep4mc/G.pickeringii_4mC,LongSafari/hyenadna-medium-160k-seqlen-hf,attention,linear,256,24053,10309,2,42,4,4,roc_auc,0.7028146490506482,"{'clf__C': 0.1, 'clf__penalty': 'l2'}",0.1339703474350729,0.6957342531216508,0.5089606842977858,0.8341255213890775
deep4mc/G.subterraneus_4mC,LongSafari/hyenadna-medium-160k-seqlen-hf,attention,linear,256,63567,27243,2,42,4,4,roc_auc,0.6639532686798257,"{'clf__C': 0.1, 'clf__penalty': 'l2'}",0.0555693887243861,0.6741238179820983,0.4668204279837227,0.8331314466101384
enhancers/enhancer,LongSafari/hyenadna-medium-160k-seqlen-hf,attention,linear,256,14968,400,2,42,4,4,roc_auc,0.9453612924033056,"{'clf__C': 1.0, 'clf__penalty': 'l2'}",0.4201891276707566,0.7878,0.7099347353154459,0.71
enhancers/enhancer_strength,LongSafari/hyenadna-medium-160k-seqlen-hf,attention,linear,256,14968,400,3,42,4,4,accuracy,0.8047835382148584,"{'clf__C': 0.1, 'clf__penalty': 'l2'}",0.2802105852289058,0.7083472222222222,0.4717701201032664,0.5525
genomic_benchmark/coding,LongSafari/hyenadna-medium-160k-seqlen-hf,attention,linear,256,75000,25000,2,42,4,4,roc_auc,0.9532142762666668,"{'clf__C': 1.0, 'clf__penalty': 'l2'}",0.7636989253048232,0.953090848,0.8818385359321956,0.88184
genomic_benchmark/enhancer_cohn,LongSafari/hyenadna-medium-160k-seqlen-hf,attention,linear,256,20843,6948,2,42,4,4,roc_auc,0.8133532979043487,"{'clf__C': 0.1, 'clf__penalty': 'l2'}",0.4476710859277967,0.807331558159321,0.7237868218391179,0.7238054116292458
genomic_benchmark/enhancer_ensembl,LongSafari/hyenadna-medium-160k-seqlen-hf,attention,linear,256,123872,30970,2,42,4,4,roc_auc,0.8021792827944627,"{'clf__C': 10.0, 'clf__penalty': 'l2'}",0.45344738034096,0.7971893743661647,0.7265874356758595,0.7266386825960607
genomic_benchmark/human_vs_worm,LongSafari/hyenadna-medium-160k-seqlen-hf,attention,linear,256,75000,25000,2,42,4,4,roc_auc,0.9760706161777776,"{'clf__C': 10.0, 'clf__penalty': 'l2'}",0.8440829414653596,0.9773266176,0.9220398641622594,0.92204
genomic_benchmark/open_chromatin_region,LongSafari/hyenadna-medium-160k-seqlen-hf,attention,linear,256,139804,34952,2,42,4,4,roc_auc,0.7281630634418393,"{'clf__C': 1.0, 'clf__penalty': 'l2'}",0.3408887676224565,0.7283581757823605,0.6701420255287289,0.670290684367132
genomic_benchmark/promoter_notata_251bps,LongSafari/hyenadna-medium-160k-seqlen-hf,attention,linear,256,27097,9034,2,42,4,4,roc_auc,0.906219425513621,"{'clf__C': 1.0, 'clf__penalty': 'l2'}",0.6641799778232123,0.9074632925798294,0.8302428158938302,0.8305291122426389
genomic_benchmark/regulatory_region_type,LongSafari/hyenadna-medium-160k-seqlen-hf,attention,linear,256,150000,57713,3,42,4,4,accuracy,0.7212066666666667,"{'clf__C': 10.0, 'clf__penalty': 'l2'}",0.3368866752323303,0.7195197639517987,0.5293297286007922,0.5591981009477934
iDHS-EL/DNase_I,LongSafari/hyenadna-medium-160k-seqlen-hf,attention,linear,256,711,306,2,42,4,4,roc_auc,0.8012166167339029,"{'clf__C': 0.1, 'clf__penalty': 'l2'}",0.5785796801989459,0.8182110682110681,0.7884402654867257,0.8366013071895425
iDNA_ABF/5mC,LongSafari/hyenadna-medium-160k-seqlen-hf,attention,linear,256,3281,1407,2,42,4,4,roc_auc,0.7679626381006555,"{'clf__C': 1.0, 'clf__penalty': 'l2'}",0.4244405709519873,0.7880390857364541,0.7121162901960348,0.7121535181236673
iDNA_ABF/6mA,LongSafari/hyenadna-medium-160k-seqlen-hf,attention,linear,256,25668,11002,2,42,4,4,roc_auc,0.8281608687652946,"{'clf__C': 1.0, 'clf__penalty': 'l2'}",0.4959934414524006,0.8288731096502723,0.7479336743636817,0.7479549172877659
iPro-WAEL/Promoter_Arabidopsis_NonTATA,LongSafari/hyenadna-medium-160k-seqlen-hf,attention,linear,256,8267,3543,2,42,4,4,roc_auc,0.9722637347137796,"{'clf__C': 1.0, 'clf__penalty': 'l2'}",0.8487163546364904,0.97783769866408,0.9243578827689144,0.9243578887948066
iPro-WAEL/Promoter_Arabidopsis_TATA,LongSafari/hyenadna-medium-160k-seqlen-hf,attention,linear,256,3063,1313,2,42,4,4,roc_auc,0.9632580780011558,"{'clf__C': 1.0, 'clf__penalty': 'l2'}",0.8233216600639165,0.9708173513156808,0.911619116657174,0.9207920792079208
iPro-WAEL/Promoter_B_amyloliquefaciens,LongSafari/hyenadna-medium-160k-seqlen-hf,attention,linear,256,1483,636,2,42,4,4,roc_auc,0.9044806504130716,"{'clf__C': 0.1, 'clf__penalty': 'l2'}",0.6259600214431551,0.8819655271303264,0.81288151684546,0.8128930817610063
iPro-WAEL/Promoter_GM12878,LongSafari/hyenadna-medium-160k-seqlen-hf,attention,linear,256,10992,2750,2,42,4,4,roc_auc,0.982389468376101,"{'clf__C': 1.0, 'clf__penalty': 'l2'}",0.8829205324658276,0.9816394049586776,0.94145416611625,0.9414545454545454
iPro-WAEL/Promoter_HUVEC,LongSafari/hyenadna-medium-160k-seqlen-hf,attention,linear,256,11928,2982,2,42,4,4,roc_auc,0.9872681202349352,"{'clf__C': 10.0, 'clf__penalty': 'l2'}",0.9081155630666776,0.9883890870373144,0.954057674243277,0.954057679409792
iPro-WAEL/Promoter_Hela-S3,LongSafari/hyenadna-medium-160k-seqlen-hf,attention,linear,256,11736,2936,2,42,4,4,roc_auc,0.9843808736534596,"{'clf__C': 1.0, 'clf__penalty': 'l2'}",0.9021786762945228,0.9855138504257958,0.9509463034297118,0.9509536784741144
iPro-WAEL/Promoter_NHEK,LongSafari/hyenadna-medium-160k-seqlen-hf,attention,linear,256,8170,2044,2,42,4,4,roc_auc,0.947447558690013,"{'clf__C': 10.0, 'clf__penalty': 'l2'}",0.7799065421478993,0.9484558882663592,0.8899172692014657,0.889921722113503
iPro-WAEL/Promoter_R_capsulatus,LongSafari/hyenadna-medium-160k-seqlen-hf,attention,linear,256,7406,3175,2,42,4,4,roc_auc,0.7282906757845324,"{'clf__C': 1.0, 'clf__penalty': 'l2'}",0.3356492085001266,0.7340260352624681,0.6677132391418106,0.6677165354330709
mouse/mouse_TFBS_1,LongSafari/hyenadna-medium-160k-seqlen-hf,attention,linear,256,5668,2430,2,42,4,4,roc_auc,0.7549878280063429,"{'clf__C': 1.0, 'clf__penalty': 'l2'}",0.3558218783698255,0.7473095225998746,0.6776571905932396,0.6777777777777778
mouse/mouse_TFBS_2,LongSafari/hyenadna-medium-160k-seqlen-hf,attention,linear,256,47209,20233,2,42,4,4,roc_auc,0.9281048253006712,"{'clf__C': 1.0, 'clf__penalty': 'l2'}",0.6972433541060404,0.92927240217881,0.8482504651766921,0.8483171057183808
mouse/mouse_TFBS_3,LongSafari/hyenadna-medium-160k-seqlen-hf,attention,linear,256,2293,983,2,42,4,4,roc_auc,0.921369507521458,"{'clf__C': 1.0, 'clf__penalty': 'l2'}",0.695084694257322,0.931043332836587,0.8473703605558224,0.8474059003051883
mouse/mouse_TFBS_4,LongSafari/hyenadna-medium-160k-seqlen-hf,attention,linear,256,1667,715,2,42,4,4,roc_auc,0.7971659974324764,"{'clf__C': 1.0, 'clf__penalty': 'l2'}",0.3287010958239118,0.7495970455221195,0.6643297549372477,0.6643356643356644
mouse/mouse_TFBS_5,LongSafari/hyenadna-medium-160k-seqlen-hf,attention,linear,256,13180,5650,2,42,4,4,roc_auc,0.7411289686750255,"{'clf__C': 1.0, 'clf__penalty': 'l2'}",0.367805677295532,0.747590445610463,0.6838860417153013,0.6838938053097345
prom/promoter_all_300bps,LongSafari/hyenadna-medium-160k-seqlen-hf,attention,linear,256,41437,17759,2,42,4,4,roc_auc,0.9548645554137432,"{'clf__C': 1.0, 'clf__penalty': 'l2'}",0.7815790513507008,0.9539461658696652,0.8907553469933198,0.8907596148431781
prom/promoter_all_70bps,LongSafari/hyenadna-medium-160k-seqlen-hf,attention,linear,256,41437,17759,2,42,4,4,roc_auc,0.8692686250554633,"{'clf__C': 1.0, 'clf__penalty': 'l2'}",0.5621875995863946,0.866135799472183,0.7806668543199231,0.7807872064868517
prom/promoter_notata_300bps,LongSafari/hyenadna-medium-160k-seqlen-hf,attention,linear,256,37146,15920,2,42,4,4,roc_auc,0.98208369535295,"{'clf__C': 10.0, 'clf__penalty': 'l2'}",0.8693945651375296,0.9825730410848212,0.9346040295876052,0.9346105527638192
prom/promoter_notata_70bps,LongSafari/hyenadna-medium-160k-seqlen-hf,attention,linear,256,37146,15920,2,42,4,4,roc_auc,0.8899305638982706,"{'clf__C': 1.0, 'clf__penalty': 'l2'}",0.6097016189510281,0.8864136637963689,0.8046662916612191,0.8047110552763819
prom/promoter_tata_300bps,LongSafari/hyenadna-medium-160k-seqlen-hf,attention,linear,256,4290,1840,2,42,4,4,roc_auc,0.8460718782746093,"{'clf__C': 0.1, 'clf__penalty': 'l2'}",0.5641307680357601,0.8477321597353495,0.7820651530201893,0.7820652173913043
prom/promoter_tata_70bps,LongSafari/hyenadna-medium-160k-seqlen-hf,attention,linear,256,4290,1840,2,42,4,4,roc_auc,0.8107851916196036,"{'clf__C': 1.0, 'clf__penalty': 'l2'}",0.5001181893409723,0.8295599007561436,0.749970459647879,0.75
splice/acceptors,LongSafari/hyenadna-medium-160k-seqlen-hf,attention,linear,256,15525,6654,2,42,4,4,roc_auc,0.7943839561433162,"{'clf__C': 1.0, 'clf__penalty': 'l2'}",0.4163670938224565,0.7775207350788746,0.7075987798087335,0.7079951908626391
splice/donors,LongSafari/hyenadna-medium-160k-seqlen-hf,attention,linear,256,15381,6592,2,42,4,4,roc_auc,0.7802011944409702,"{'clf__C': 1.0, 'clf__penalty': 'l2'}",0.4129144820266165,0.7800795316469677,0.7057254571273462,0.7060072815533981
splice/splice_site_type_DNABERT,LongSafari/hyenadna-medium-160k-seqlen-hf,attention,linear,256,31933,13687,3,42,4,4,accuracy,0.6095574981228898,"{'clf__C': 10.0, 'clf__penalty': 'l2'}",0.2894882339899494,0.7602774912504211,0.5175340092829106,0.6138671732300723
splice/splice_site_type_NT,LongSafari/hyenadna-medium-160k-seqlen-hf,attention,linear,256,20999,9001,3,42,4,4,accuracy,0.5814564951147156,"{'clf__C': 10.0, 'clf__penalty': 'l2'}",0.4095662166574929,0.7765789086709104,0.6018425094019828,0.6047105877124764
tf/Human_TFBS_1,LongSafari/hyenadna-medium-160k-seqlen-hf,attention,linear,256,24064,10314,2,42,4,4,roc_auc,0.8497112752518108,"{'clf__C': 1.0, 'clf__penalty': 'l2'}",0.5626145074080926,0.8580074134462161,0.780714094741629,0.7808803567965872
tf/Human_TFBS_2,LongSafari/hyenadna-medium-160k-seqlen-hf,attention,linear,256,22870,9802,2,42,4,4,roc_auc,0.8435418985832116,"{'clf__C': 1.0, 'clf__penalty': 'l2'}",0.5227236026015034,0.8439922129246616,0.7606379130724674,0.7608651295653949
tf/Human_TFBS_3,LongSafari/hyenadna-medium-160k-seqlen-hf,attention,linear,256,14699,6301,2,42,4,4,roc_auc,0.8125348310510445,"{'clf__C': 1.0, 'clf__penalty': 'l2'}",0.4801711705294051,0.8151475218247671,0.7400184689232406,0.7400412632915411
tf/Human_TFBS_4,LongSafari/hyenadna-medium-160k-seqlen-hf,attention,linear,256,20505,8789,2,42,4,4,roc_auc,0.7410698731857239,"{'clf__C': 0.1, 'clf__penalty': 'l2'}",0.3485477774325422,0.7428941006015547,0.672475429932137,0.6733416770963705
tf/Human_TFBS_5,LongSafari/hyenadna-medium-160k-seqlen-hf,attention,linear,256,14699,6301,2,42,4,4,roc_auc,0.8568215925467361,"{'clf__C': 1.0, 'clf__penalty': 'l2'}",0.5293378560332609,0.8528160876113908,0.7644005963176819,0.7644818282812252
virus/covid_variants,LongSafari/hyenadna-medium-160k-seqlen-hf,attention,linear,256,64168,27501,9,42,4,4,accuracy,0.3108558783194115,"{'clf__C': 10.0, 'clf__penalty': 'l2'}",0.22525771413428,0.7033548655657055,0.3122149433622846,0.3139885822333733
EMP/Yeast_H3,kuleshov-group/caduceus-ph_seqlen-131k_d_model-256_n_layer-16,attention,linear,256,10475,4490,2,42,4,4,roc_auc,0.9299443907104596,"{'clf__C': 1.0, 'clf__penalty': 'l2'}",0.7187403029369892,0.933867976970419,0.8593666942007518,0.8594654788418709
EMP/Yeast_H3K14ac,kuleshov-group/caduceus-ph_seqlen-131k_d_model-256_n_layer-16,attention,linear,256,23133,9915,2,42,4,4,roc_auc,0.7458529655167239,"{'clf__C': 0.1, 'clf__penalty': 'l2'}",0.3577290469520796,0.7471054880685799,0.6784366049610577,0.686737266767524
EMP/Yeast_H3K36me3,kuleshov-group/caduceus-ph_seqlen-131k_d_model-256_n_layer-16,attention,linear,256,24415,10465,2,42,4,4,roc_auc,0.782406582301593,"{'clf__C': 0.1, 'clf__penalty': 'l2'}",0.4251246704338861,0.7811510046048835,0.7120384682670635,0.715527950310559
EMP/Yeast_H3K4me1,kuleshov-group/caduceus-ph_seqlen-131k_d_model-256_n_layer-16,attention,linear,256,22173,9504,2,42,4,4,roc_auc,0.7240381036447846,"{'clf__C': 0.1, 'clf__penalty': 'l2'}",0.3381876860912604,0.726438813268138,0.666927965361603,0.6740319865319865
EMP/Yeast_H3K4me2,kuleshov-group/caduceus-ph_seqlen-131k_d_model-256_n_layer-16,attention,linear,256,21478,9205,2,42,4,4,roc_auc,0.6901569694341861,"{'clf__C': 0.1, 'clf__penalty': 'l2'}",0.2831344040997954,0.699150043029676,0.6300731758271452,0.6649646931015752
EMP/Yeast_H3K4me3,kuleshov-group/caduceus-ph_seqlen-131k_d_model-256_n_layer-16,attention,linear,256,25759,11040,2,42,4,4,roc_auc,0.6738170169038185,"{'clf__C': 0.1, 'clf__penalty': 'l2'}",0.2414631404725473,0.671590538706244,0.6190088128472243,0.6242753623188406
EMP/Yeast_H3K79me3,kuleshov-group/caduceus-ph_seqlen-131k_d_model-256_n_layer-16,attention,linear,256,20185,8652,2,42,4,4,roc_auc,0.8510538568380969,"{'clf__C': 0.1, 'clf__penalty': 'l2'}",0.5648205736259678,0.8546936114732725,0.7818973912593832,0.7836338418862691
EMP/Yeast_H3K9ac,kuleshov-group/caduceus-ph_seqlen-131k_d_model-256_n_layer-16,attention,linear,256,19447,8335,2,42,4,4,roc_auc,0.798300750989692,"{'clf__C': 0.1, 'clf__penalty': 'l2'}",0.4477522685903747,0.796099191374663,0.7238759643032961,0.7271745650869826
EMP/Yeast_H4,kuleshov-group/caduceus-ph_seqlen-131k_d_model-256_n_layer-16,attention,linear,256,10220,4381,2,42,4,4,roc_auc,0.9335394256224658,"{'clf__C': 0.1, 'clf__penalty': 'l2'}",0.7631604192152295,0.9407957061150878,0.8814631556960415,0.8826751883131705
EMP/Yeast_H4ac,kuleshov-group/caduceus-ph_seqlen-131k_d_model-256_n_layer-16,attention,linear,256,23866,10229,2,42,4,4,roc_auc,0.738649176186426,"{'clf__C': 0.1, 'clf__penalty': 'l2'}",0.3540304114954142,0.7382549072883715,0.67621122427247,0.6804184182227002
deep4mc/A.thaliana_4mC,kuleshov-group/caduceus-ph_seqlen-131k_d_model-256_n_layer-16,attention,linear,256,156697,67157,2,42,4,4,roc_auc,0.6501456251654039,"{'clf__C': 10.0, 'clf__penalty': 'l2'}",0.2217046695530367,0.6513731247841417,0.6108519398270335,0.6108521821999195
deep4mc/C.elegans_4mC,kuleshov-group/caduceus-ph_seqlen-131k_d_model-256_n_layer-16,attention,linear,256,84926,36398,2,42,4,4,roc_auc,0.6584855647742813,"{'clf__C': 10.0, 'clf__penalty': 'l2'}",0.2206145975540386,0.6508458282130816,0.6102339470447088,0.6102807846584977
deep4mc/D.melanogaster_4mC,kuleshov-group/caduceus-ph_seqlen-131k_d_model-256_n_layer-16,attention,linear,256,126466,54200,2,42,4,4,roc_auc,0.6742336110804114,"{'clf__C': 1.0, 'clf__penalty': 'l2'}",0.2548408884508259,0.6740211353331246,0.6274119008714597,0.6274169741697417
deep4mc/E.coli_4mC,kuleshov-group/caduceus-ph_seqlen-131k_d_model-256_n_layer-16,attention,linear,256,8681,3721,2,42,4,4,roc_auc,0.7003994281987529,"{'clf__C': 1.0, 'clf__penalty': 'l2'}",0.1604820268790884,0.684225692024425,0.5325770886551952,0.833378124160172
deep4mc/G.pickeringii_4mC,kuleshov-group/caduceus-ph_seqlen-131k_d_model-256_n_layer-16,attention,linear,256,24053,10309,2,42,4,4,roc_auc,0.7028642356336243,"{'clf__C': 0.1, 'clf__penalty': 'l2'}",0.1232064057573372,0.6875197248006651,0.5035217196849885,0.8335435056746532
deep4mc/G.subterraneus_4mC,kuleshov-group/caduceus-ph_seqlen-131k_d_model-256_n_layer-16,attention,linear,256,63567,27243,2,42,4,4,roc_auc,0.6606827413775558,"{'clf__C': 0.1, 'clf__penalty': 'l2'}",0.05622274064718,0.6721404301203376,0.4674141139178042,0.8330580332562493
enhancers/enhancer,kuleshov-group/caduceus-ph_seqlen-131k_d_model-256_n_layer-16,attention,linear,256,14968,400,2,42,4,4,roc_auc,0.9410467968580613,"{'clf__C': 1.0, 'clf__penalty': 'l2'}",0.4352666825396105,0.78985,0.7174134578714731,0.7175
enhancers/enhancer_strength,kuleshov-group/caduceus-ph_seqlen-131k_d_model-256_n_layer-16,attention,linear,256,14968,400,3,42,4,4,accuracy,0.7973009086050241,"{'clf__C': 1.0, 'clf__penalty': 'l2'}",0.3245083695216993,0.7187999999999999,0.5005139557110883,0.575
genomic_benchmark/coding,kuleshov-group/caduceus-ph_seqlen-131k_d_model-256_n_layer-16,attention,linear,256,75000,25000,2,42,4,4,roc_auc,0.9768291441777776,"{'clf__C': 10.0, 'clf__penalty': 'l2'}",0.8451215577294908,0.977261504,0.9225599286312304,0.92256
genomic_benchmark/enhancer_cohn,kuleshov-group/caduceus-ph_seqlen-131k_d_model-256_n_layer-16,attention,linear,256,20843,6948,2,42,4,4,roc_auc,0.8298192117398464,"{'clf__C': 0.1, 'clf__penalty': 'l2'}",0.496163510923897,0.833420169702128,0.7479359030127134,0.7479850316637882
genomic_benchmark/enhancer_ensembl,kuleshov-group/caduceus-ph_seqlen-131k_d_model-256_n_layer-16,attention,linear,256,123872,30970,2,42,4,4,roc_auc,0.8159245163722975,"{'clf__C': 10.0, 'clf__penalty': 'l2'}",0.4849953910168716,0.8162705458603631,0.7416491092777365,0.7419438165967065
genomic_benchmark/human_vs_worm,kuleshov-group/caduceus-ph_seqlen-131k_d_model-256_n_layer-16,attention,linear,256,75000,25000,2,42,4,4,roc_auc,0.9939005468444444,"{'clf__C': 10.0, 'clf__penalty': 'l2'}",0.9256023221540188,0.9941394752,0.9627999533362614,0.9628
genomic_benchmark/open_chromatin_region,kuleshov-group/caduceus-ph_seqlen-131k_d_model-256_n_layer-16,attention,linear,256,139804,34952,2,42,4,4,roc_auc,0.7370544267372118,"{'clf__C': 1.0, 'clf__penalty': 'l2'}",0.3505093868460311,0.7385880998436675,0.6748962130067442,0.6750686655985352
genomic_benchmark/promoter_notata_251bps,kuleshov-group/caduceus-ph_seqlen-131k_d_model-256_n_layer-16,attention,linear,256,27097,9034,2,42,4,4,roc_auc,0.9216819261275802,"{'clf__C': 1.0, 'clf__penalty': 'l2'}",0.7032031399981555,0.9261231664195672,0.8501283616694182,0.8504538410449414
genomic_benchmark/regulatory_region_type,kuleshov-group/caduceus-ph_seqlen-131k_d_model-256_n_layer-16,attention,linear,256,150000,57713,3,42,4,4,accuracy,0.6402333333333334,"{'clf__C': 10.0, 'clf__penalty': 'l2'}",0.3725326387883874,0.7767979284415265,0.5657719809936792,0.5827803094623395
iDHS-EL/DNase_I,kuleshov-group/caduceus-ph_seqlen-131k_d_model-256_n_layer-16,attention,linear,256,711,306,2,42,4,4,roc_auc,0.8425498833254232,"{'clf__C': 0.01, 'clf__penalty': 'l2'}",0.6363916671001453,0.8813813813813813,0.8181425252579826,0.8562091503267973
iDNA_ABF/5mC,kuleshov-group/caduceus-ph_seqlen-131k_d_model-256_n_layer-16,attention,linear,256,3281,1407,2,42,4,4,roc_auc,0.7720816091105542,"{'clf__C': 1.0, 'clf__penalty': 'l2'}",0.4598633657196066,0.8025649004267427,0.7299184087483279,0.7299218194740583
iDNA_ABF/6mA,kuleshov-group/caduceus-ph_seqlen-131k_d_model-256_n_layer-16,attention,linear,256,25668,11002,2,42,4,4,roc_auc,0.8225552145850704,"{'clf__C': 1.0, 'clf__penalty': 'l2'}",0.4759536945060188,0.8121062155214231,0.7378047061300601,0.7378658425740774
iPro-WAEL/Promoter_Arabidopsis_NonTATA,kuleshov-group/caduceus-ph_seqlen-131k_d_model-256_n_layer-16,attention,linear,256,8267,3543,2,42,4,4,roc_auc,0.9732595056012516,"{'clf__C': 1.0, 'clf__penalty': 'l2'}",0.8510088301912577,0.9775837323928402,0.9254855399157976,0.9254868755292124
iPro-WAEL/Promoter_Arabidopsis_TATA,kuleshov-group/caduceus-ph_seqlen-131k_d_model-256_n_layer-16,attention,linear,256,3063,1313,2,42,4,4,roc_auc,0.9668461272833132,"{'clf__C': 1.0, 'clf__penalty': 'l2'}",0.8165227837138289,0.9720804462591768,0.9082198519132192,0.9177456207159176
iPro-WAEL/Promoter_B_amyloliquefaciens,kuleshov-group/caduceus-ph_seqlen-131k_d_model-256_n_layer-16,attention,linear,256,1483,636,2,42,4,4,roc_auc,0.9000529724219498,"{'clf__C': 0.1, 'clf__penalty': 'l2'}",0.6164353925957243,0.8866528880670075,0.8081457451438067,0.8081761006289309
iPro-WAEL/Promoter_GM12878,kuleshov-group/caduceus-ph_seqlen-131k_d_model-256_n_layer-16,attention,linear,256,10992,2750,2,42,4,4,roc_auc,0.9840614531886628,"{'clf__C': 0.1, 'clf__penalty': 'l2'}",0.8923872369993382,0.9851149752066116,0.9461811065270284,0.9461818181818182
iPro-WAEL/Promoter_HUVEC,kuleshov-group/caduceus-ph_seqlen-131k_d_model-256_n_layer-16,attention,linear,256,11928,2982,2,42,4,4,roc_auc,0.9896980811765294,"{'clf__C': 0.1, 'clf__penalty': 'l2'}",0.9148965537164864,0.9913484933747354,0.9574094044250973,0.9574111334674716
iPro-WAEL/Promoter_Hela-S3,kuleshov-group/caduceus-ph_seqlen-131k_d_model-256_n_layer-16,attention,linear,256,11736,2936,2,42,4,4,roc_auc,0.9860403078125486,"{'clf__C': 0.1, 'clf__penalty': 'l2'}",0.9042079838167728,0.9879193920810164,0.9519686511145138,0.9519754768392372
iPro-WAEL/Promoter_NHEK,kuleshov-group/caduceus-ph_seqlen-131k_d_model-256_n_layer-16,attention,linear,256,8170,2044,2,42,4,4,roc_auc,0.9596285617452178,"{'clf__C': 1.0, 'clf__penalty': 'l2'}",0.7986929449464186,0.9600999153649076,0.8992009116023422,0.8992172211350293
iPro-WAEL/Promoter_R_capsulatus,kuleshov-group/caduceus-ph_seqlen-131k_d_model-256_n_layer-16,attention,linear,256,7406,3175,2,42,4,4,roc_auc,0.7233280279387218,"{'clf__C': 0.1, 'clf__penalty': 'l2'}",0.3268783136892056,0.7241665628103288,0.6633058842097421,0.6633070866141733
mouse/mouse_TFBS_1,kuleshov-group/caduceus-ph_seqlen-131k_d_model-256_n_layer-16,attention,linear,256,5668,2430,2,42,4,4,roc_auc,0.7556332823344728,"{'clf__C': 10.0, 'clf__penalty': 'l2'}",0.4156834794282966,0.7723240020999509,0.7078028972783144,0.7078189300411523
mouse/mouse_TFBS_2,kuleshov-group/caduceus-ph_seqlen-131k_d_model-256_n_layer-16,attention,linear,256,47209,20233,2,42,4,4,roc_auc,0.951426306153026,"{'clf__C': 1.0, 'clf__penalty': 'l2'}",0.7584035268249452,0.951729425664369,0.8786918496286853,0.8787624178322543
mouse/mouse_TFBS_3,kuleshov-group/caduceus-ph_seqlen-131k_d_model-256_n_layer-16,attention,linear,256,2293,983,2,42,4,4,roc_auc,0.9197915516114716,"{'clf__C': 1.0, 'clf__penalty': 'l2'}",0.6927776926925578,0.945407580348716,0.8463879704228049,0.8463886063072228
mouse/mouse_TFBS_4,kuleshov-group/caduceus-ph_seqlen-131k_d_model-256_n_layer-16,attention,linear,256,1667,715,2,42,4,4,roc_auc,0.7805783419831687,"{'clf__C': 1.0, 'clf__penalty': 'l2'}",0.4366463819933067,0.8006509866516439,0.7168794203898569,0.7174825174825175
mouse/mouse_TFBS_5,kuleshov-group/caduceus-ph_seqlen-131k_d_model-256_n_layer-16,attention,linear,256,13180,5650,2,42,4,4,roc_auc,0.7896747764396579,"{'clf__C': 1.0, 'clf__penalty': 'l2'}",0.4138601792588373,0.7833905239251313,0.7068832254649569,0.7069026548672567
prom/promoter_all_300bps,kuleshov-group/caduceus-ph_seqlen-131k_d_model-256_n_layer-16,attention,linear,256,41437,17759,2,42,4,4,roc_auc,0.962064089480809,"{'clf__C': 10.0, 'clf__penalty': 'l2'}",0.8077609049637616,0.9611176830338616,0.9038796242104772,0.9038797229573736
prom/promoter_all_70bps,kuleshov-group/caduceus-ph_seqlen-131k_d_model-256_n_layer-16,attention,linear,256,41437,17759,2,42,4,4,roc_auc,0.8815714231407445,"{'clf__C': 1.0, 'clf__penalty': 'l2'}",0.5942838240423486,0.8807248972421008,0.7970325339381439,0.7970606453066051
prom/promoter_notata_300bps,kuleshov-group/caduceus-ph_seqlen-131k_d_model-256_n_layer-16,attention,linear,256,37146,15920,2,42,4,4,roc_auc,0.9901642464818096,"{'clf__C': 10.0, 'clf__penalty': 'l2'}",0.9189319683192396,0.9919858242216104,0.9594201731967614,0.9594221105527638
prom/promoter_notata_70bps,kuleshov-group/caduceus-ph_seqlen-131k_d_model-256_n_layer-16,attention,linear,256,37146,15920,2,42,4,4,roc_auc,0.9075469889889364,"{'clf__C': 1.0, 'clf__penalty': 'l2'}",0.6470281418800536,0.905710572334032,0.8234865675358088,0.8234924623115578
prom/promoter_tata_300bps,kuleshov-group/caduceus-ph_seqlen-131k_d_model-256_n_layer-16,attention,linear,256,4290,1840,2,42,4,4,roc_auc,0.8433947847907652,"{'clf__C': 1.0, 'clf__penalty': 'l2'}",0.5522065349034921,0.8539030009451797,0.7760803426377196,0.7760869565217391
prom/promoter_tata_70bps,kuleshov-group/caduceus-ph_seqlen-131k_d_model-256_n_layer-16,attention,linear,256,4290,1840,2,42,4,4,roc_auc,0.8340056239857268,"{'clf__C': 1.0, 'clf__penalty': 'l2'}",0.5339988886333159,0.8432827268431,0.7667816272281918,0.7668478260869566
splice/acceptors,kuleshov-group/caduceus-ph_seqlen-131k_d_model-256_n_layer-16,attention,linear,256,15525,6654,2,42,4,4,roc_auc,0.8387006190352287,"{'clf__C': 10.0, 'clf__penalty': 'l2'}",0.4956738356207361,0.8287909506514157,0.7471460193104846,0.7475202885482417
splice/donors,kuleshov-group/caduceus-ph_seqlen-131k_d_model-256_n_layer-16,attention,linear,256,15381,6592,2,42,4,4,roc_auc,0.8261261253143655,"{'clf__C': 10.0, 'clf__penalty': 'l2'}",0.5044872551085579,0.8331225376486616,0.750968893953585,0.7513652912621359
splice/splice_site_type_DNABERT,kuleshov-group/caduceus-ph_seqlen-131k_d_model-256_n_layer-16,attention,linear,256,31933,13687,3,42,4,4,accuracy,0.6255286079487046,"{'clf__C': 10.0, 'clf__penalty': 'l2'}",0.3221308857519627,0.772496308077632,0.5319114797837066,0.6281873310440564
splice/splice_site_type_NT,kuleshov-group/caduceus-ph_seqlen-131k_d_model-256_n_layer-16,attention,linear,256,20999,9001,3,42,4,4,accuracy,0.579980359070662,"{'clf__C': 1.0, 'clf__penalty': 'l2'}",0.3939036768840785,0.7721156958771154,0.5945290949332313,0.5948227974669481
tf/Human_TFBS_1,kuleshov-group/caduceus-ph_seqlen-131k_d_model-256_n_layer-16,attention,linear,256,24064,10314,2,42,4,4,roc_auc,0.873486333651044,"{'clf__C': 0.1, 'clf__penalty': 'l2'}",0.6023947405947546,0.8804097019667378,0.8006103531437758,0.8007562536358348
tf/Human_TFBS_2,kuleshov-group/caduceus-ph_seqlen-131k_d_model-256_n_layer-16,attention,linear,256,22870,9802,2,42,4,4,roc_auc,0.8629856112145828,"{'clf__C': 0.1, 'clf__penalty': 'l2'}",0.5619597314953859,0.8656069215560945,0.780247120290736,0.7804529687818812
tf/Human_TFBS_3,kuleshov-group/caduceus-ph_seqlen-131k_d_model-256_n_layer-16,attention,linear,256,14699,6301,2,42,4,4,roc_auc,0.8205220633582568,"{'clf__C': 0.1, 'clf__penalty': 'l2'}",0.4815775114156487,0.8185041785676505,0.7403741421175137,0.7405173781939375
tf/Human_TFBS_4,kuleshov-group/caduceus-ph_seqlen-131k_d_model-256_n_layer-16,attention,linear,256,20505,8789,2,42,4,4,roc_auc,0.763059458959959,"{'clf__C': 0.1, 'clf__penalty': 'l2'}",0.3838154786679412,0.7691397877859094,0.6900291847260694,0.690863579474343
tf/Human_TFBS_5,kuleshov-group/caduceus-ph_seqlen-131k_d_model-256_n_layer-16,attention,linear,256,14699,6301,2,42,4,4,roc_auc,0.8669785920069414,"{'clf__C': 0.1, 'clf__penalty': 'l2'}",0.5612781825254092,0.864034597230408,0.7802422817790715,0.7803523250277734
virus/covid_variants,kuleshov-group/caduceus-ph_seqlen-131k_d_model-256_n_layer-16,attention,linear,256,64168,27501,9,42,4,4,accuracy,0.3267204837302082,"{'clf__C': 10.0, 'clf__penalty': 'l2'}",0.2441916941951116,0.7112336166310871,0.3300570068620316,0.3308606959746918
